1.392;193.8;-0.69;0.78;0.40;298.20
1.674;193.9;-0.79;1.11;0.44;298.12
1.955;223.1;0.10;1.40;0.45;298.06
2.398;233.1;0.73;1.50;0.43;297.98
1.972;238.2;0.71;1.08;0.41;297.69
2.543;238.7;1.10;1.56;0.37;297.73
2.388;236;0.89;1.45;0.41;297.72
1.932;240;0.75;1.08;0.46;297.71
1.81;228.1;0.32;1.05;0.46;297.70
1.99;219;0.07;1.42;0.35;297.61
2.076;242.2;0.95;1.05;0.41;297.42
2.077;241.5;0.91;1.12;0.42;297.45
2.302;229.7;0.59;1.57;0.44;297.63
2.732;235.7;1.11;1.78;0.46;297.51
2.951;234.6;1.16;2.00;0.40;297.27
2.435;220.6;0.28;1.67;0.45;297.13
2.851;231.1;0.89;1.95;0.49;296.78
3.403;239.3;1.78;2.13;0.32;296.74
2.387;255.1;1.52;0.93;0.39;296.72
1.916;260.3;1.25;0.45;0.47;296.64
1.983;253.1;1.09;0.78;0.47;296.72
3.358;245.5;1.99;1.91;0.34;296.75
2.638;243;1.38;1.44;0.44;296.72
1.478;249.9;0.56;0.41;0.45;296.76
0.795;252.7;-0.16;-0.28;0.47;296.90
0.975;238.1;0.03;0.20;0.51;296.96
0.51;238.2;-0.15;-0.18;0.52;296.97
0.597;202;-0.38;0.02;0.52;297.11
0.598;24.38;-0.51;-0.97;0.60;296.42
1.04;11.06;-0.40;-1.51;0.65;296.17
1.246;357.9;-0.03;-1.60;0.65;296.49
1.093;10.89;-0.22;-1.35;0.70;296.40
1.137;321.4;0.49;-1.12;0.56;296.69
1.111;265.9;0.44;-0.17;0.45;296.79
0.977;202.8;-0.48;0.39;0.48;296.52
0.523;227.5;-0.41;-0.09;0.55;296.50
0.385;225.3;-0.48;-0.27;0.53;296.66
0.485;248.8;-0.32;-0.25;0.46;296.79
0.502;265.9;-0.16;-0.32;0.50;296.79
0.396;279.1;-0.28;-0.32;0.52;296.81
0.52;0.994;-0.30;-0.71;0.50;296.79
0.583;359.9;-0.32;-0.79;0.56;296.94
0.789;349.9;-0.18;-1.00;0.57;297.10
0.712;325.1;-0.07;-0.75;0.52;297.52
0.986;285.3;0.33;-0.38;0.44;298.00
1.535;267.4;0.83;0.07;0.45;298.36
1.624;247.5;0.58;0.56;0.36;298.46
1.738;241.8;0.50;0.65;0.44;298.59
1.872;220.3;0.03;1.19;0.37;298.79
1.798;231.6;0.34;0.83;0.45;299.03
2.489;228.4;0.61;1.53;0.38;299.12
2.516;223.6;0.39;1.59;0.40;299.31
2.327;173.5;-1.61;1.37;0.50;299.53
2.425;227.1;0.36;1.54;0.40;299.31
1.665;203.4;-0.37;0.99;0.53;299.55
2.834;160.8;-2.41;1.68;0.55;299.77
3.016;155.7;-2.66;1.57;0.70;300.09
2.8;144.8;-2.70;1.04;0.71;300.50
2.756;154.6;-2.43;1.29;0.50;299.98
2.877;156.9;-2.52;1.50;0.65;300.36
2.704;153.4;-2.49;1.32;0.71;300.54
3.077;140.3;-3.03;1.02;0.67;300.37
3.255;151;-2.96;1.56;0.68;300.38
3.564;142.3;-3.41;1.29;0.62;300.37
3.611;147;-3.44;1.55;0.66;300.57
4.186;149.6;-3.80;2.17;0.64;300.37
4.693;125.9;-4.93;0.84;0.69;300.23
3.925;144.9;-3.80;1.79;0.57;300.36
4.058;144.6;-3.76;1.74;0.61;300.32
3.761;135.1;-3.86;1.02;0.58;300.43
4.22;128.3;-4.36;0.96;0.58;300.35
4.337;129.5;-4.51;0.97;0.59;300.50
4.779;113.1;-5.29;0.06;0.61;300.31
4.473;125.3;-4.74;0.75;0.58;300.48
4.578;136.1;-4.69;1.57;0.52;300.32
4.659;140.1;-4.69;1.81;0.46;300.53
4.563;134.6;-4.76;1.36;0.49;300.47
4.099;124.2;-4.35;0.64;0.62;300.81
5.193;124.5;-5.44;0.98;0.56;300.46
3.972;135.3;-4.04;1.26;0.58;300.90
4.359;130.3;-4.44;1.16;0.65;300.61
4.413;141.2;-4.42;1.80;0.56;300.60
4.625;132.8;-4.66;1.30;0.64;300.64
4.486;121.1;-4.69;0.50;0.72;300.78
4.827;131.5;-4.95;1.31;0.54;300.70
4.406;138.8;-4.35;1.63;0.69;300.72
4.459;125.3;-4.70;0.89;0.62;300.45
4.702;136.9;-4.78;1.70;0.50;300.46
4.381;127.6;-4.61;0.77;0.63;300.58
4.239;135.1;-4.33;1.27;0.53;300.67
4.072;127.9;-4.31;0.87;0.58;300.66
4.052;128.8;-4.26;0.91;0.56;300.57
3.507;123.2;-3.83;0.52;0.67;300.45
3.977;134.2;-4.19;1.16;0.52;300.34
4.444;139.8;-4.52;1.79;0.54;300.27
3.721;138.4;-3.83;1.31;0.65;300.26
3.87;142.8;-3.84;1.58;0.55;300.33
3.84;145;-3.67;1.71;0.59;300.37
3.869;148.1;-3.68;1.88;0.58;300.37
3.077;146.8;-2.93;1.29;0.63;300.39
2.635;166.1;-1.98;1.64;0.59;300.40
2.251;179.3;-1.36;1.56;0.61;300.41
3.015;175;-1.86;2.21;0.57;300.08
2.547;169;-1.77;1.62;0.58;300.31
2.664;190.7;-1.12;2.16;0.34;300.25
2.457;181.1;-1.39;1.70;0.57;300.38
2.515;186.2;-1.28;1.90;0.45;300.40
2.961;192;-1.11;2.48;0.34;300.10
2.663;185.3;-1.22;2.16;0.37;299.75
2.464;179.5;-1.44;1.85;0.53;299.59
2.682;180.2;-1.44;2.13;0.52;299.47
1.981;171.3;-1.56;1.21;0.57;299.43
2.284;178.8;-1.31;1.62;0.59;299.31
2.385;179.6;-1.46;1.78;0.55;299.28
1.543;175.1;-1.14;0.89;0.58;299.10
1.976;163.3;-1.69;1.09;0.56;299.08
2.508;157.5;-2.24;1.33;0.58;299.04
2.036;168.4;-1.63;1.23;0.52;298.95
1.988;179.8;-1.21;1.45;0.57;298.88
1.895;182.2;-1.16;1.38;0.53;298.90
1.972;182;-1.19;1.42;0.45;298.83
2.006;179.6;-1.24;1.34;0.45;298.61
2.304;182.9;-1.25;1.77;0.42;298.62
2.328;180.4;-1.31;1.75;0.47;298.64
1.813;183.6;-1.01;1.23;0.48;298.79
1.485;207.2;-0.45;0.94;0.43;298.59
1.475;206.2;-0.50;0.96;0.43;298.51
1.158;213.2;-0.39;0.64;0.46;298.34
1.518;213;-0.29;1.06;0.47;298.56
1.337;211.8;-0.36;0.81;0.49;298.53
1.094;209.7;-0.47;0.27;0.59;298.48
0.837;235.9;-0.19;0.08;0.42;298.41
1.132;201.8;-0.54;0.66;0.50;298.55
0.931;210.7;-0.37;0.18;0.53;298.41
0.712;189.7;-0.63;0.14;0.52;298.39
0.627;180.9;-0.72;0.04;0.51;298.67
0.591;185.1;-0.74;-0.01;0.51;298.74
0.645;195.7;-0.64;0.07;0.49;298.55
0.766;213.5;-0.48;0.22;0.45;298.67
0.909;219;-0.26;0.39;0.49;298.48
1.082;226.7;-0.18;0.50;0.42;298.61
1.465;234.3;0.30;0.77;0.50;298.22
1.123;228;0.00;0.55;0.49;298.08
1.507;234.5;0.32;0.90;0.51;298.21
1.302;235.5;0.28;0.59;0.43;298.03
1.499;232.2;0.35;0.86;0.53;298.07
1.173;240.7;0.33;0.49;0.53;297.77
1.434;236.6;0.36;0.81;0.52;297.76
1.322;235.4;0.32;0.64;0.48;297.85
1.568;237.9;0.55;0.86;0.46;297.71
1.697;249.8;0.79;0.66;0.42;297.77
1.655;264.5;1.11;0.27;0.42;297.75
1.752;256.8;1.13;0.43;0.40;297.74
1.317;260.8;0.74;0.14;0.45;297.49
1.547;259.8;0.94;0.31;0.43;297.50
1.602;263;1.06;0.24;0.43;297.66
1.366;262;0.77;0.11;0.45;297.54
1.056;223.9;-0.06;0.22;0.48;297.44
0.744;343.2;-0.36;-0.59;0.48;297.16
0.882;12.65;-0.30;-1.20;0.59;297.06
0.9;265.2;0.32;-0.10;0.48;297.32
1.623;274.1;1.12;-0.09;0.48;297.43
1.754;270.6;1.27;0.09;0.42;297.31
1.863;286.8;1.36;-0.38;0.40;297.00
2.102;286.8;1.71;-0.36;0.35;296.64
1.693;281.7;1.22;-0.29;0.46;296.41
1.698;268.5;1.16;-0.02;0.46;296.35
1.126;280.8;0.58;-0.35;0.47;296.22
1.465;40.39;-0.97;-1.63;0.81;296.13
1.419;348.1;0.27;-1.66;0.76;296.24
0.554;276.1;-0.32;-0.46;0.57;296.31
0.746;26.38;-0.61;-1.05;0.63;296.26
1.623;340.3;0.52;-1.76;0.73;296.37
1.464;330.7;0.52;-1.53;0.63;296.38
1.444;318.8;0.97;-1.31;0.48;296.41
1.054;340.4;0.19;-1.15;0.55;296.50
1.13;65.27;-1.24;-1.26;0.63;296.08
1.161;22.57;-0.63;-1.64;0.61;295.70
1.17;335.1;0.12;-1.35;0.49;295.94
1.604;279.2;1.08;-0.23;0.40;295.77
1.865;268.5;1.32;0.10;0.38;295.56
1.591;245.3;0.63;0.50;0.49;295.52
0.463;179.5;-0.47;-0.26;0.51;295.58
0.923;302.7;0.37;-0.69;0.47;295.63
0.873;304.1;0.29;-0.66;0.49;295.75
0.699;357.9;-0.31;-0.92;0.59;295.87
0.739;5.347;-0.40;-1.05;0.59;296.03
1.425;3.021;-0.17;-1.83;0.63;296.13
1.304;2.004;-0.14;-1.69;0.64;296.47
0.871;23.96;-0.60;-1.29;0.66;297.01
0.697;231.4;-0.26;-0.12;0.52;297.48
0.899;213.2;-0.30;0.24;0.48;297.31
0.87;267.4;0.12;-0.16;0.56;297.71
1.384;292.4;0.77;-0.61;0.54;297.63
1.417;266.9;0.68;0.00;0.48;297.82
1.466;288;0.73;-0.44;0.52;298.14
1.435;288.7;0.51;-0.43;0.53;298.38
1.278;306.9;0.50;-0.82;0.48;298.49
1.044;315.4;0.10;-0.85;0.82;299.46
1.567;350;0.27;-1.75;0.97;299.25
1.423;330;0.43;-1.35;0.75;299.65
1.095;322.2;0.34;-0.94;0.60;299.82
0.785;51.47;-0.59;-0.69;0.90;301.20
1.286;234.8;-0.05;0.24;0.67;300.82
1.325;2.014;-0.33;-1.03;0.63;300.47
1.488;53.57;-1.14;-1.39;0.87;300.70
1.942;333.3;0.62;-1.71;0.76;300.69
1.342;10.89;-0.22;-1.51;0.84;301.38
1.747;33.01;-1.00;-1.99;0.59;300.78
1.242;54.02;-1.09;-1.17;0.61;301.35
1.974;143;-1.82;0.46;0.72;301.49
3.398;161.5;-2.72;2.10;0.68;300.96
2.927;152.6;-2.64;1.45;0.60;301.49
3.068;155.9;-2.64;1.65;0.72;301.53
3.216;149.1;-2.97;1.50;0.68;301.35
3.491;149.4;-3.06;1.59;0.73;301.39
3.204;150.5;-2.92;1.52;0.75;301.50
3.983;143.3;-3.78;1.60;0.73;301.38
3.64;147.3;-3.43;1.75;0.69;301.45
3.818;146.9;-3.68;1.62;0.58;301.47
3.977;136.7;-3.93;1.29;0.67;301.44
3.197;116.9;-3.50;0.04;0.76;301.47
3.77;126.1;-4.03;0.62;0.61;301.19
3.849;133.7;-3.79;1.03;0.63;301.28
3.512;124.5;-3.58;0.45;0.82;301.58
3.829;133.1;-3.83;1.03;0.76;301.14
4.09;139.2;-4.16;1.46;0.51;301.07
4.025;124.5;-4.29;0.60;0.64;301.28
3.738;126.1;-3.98;0.59;0.64;301.07
4.125;130.4;-4.33;1.04;0.50;301.04
3.594;110.8;-3.93;-0.13;0.80;301.43
3.707;139.3;-3.73;1.31;0.58;301.33
3.721;133.4;-3.84;0.94;0.56;301.26
3.837;123.3;-4.24;0.40;0.49;301.20
3.408;130.3;-3.50;0.72;0.65;301.51
3.177;142.8;-3.17;1.21;0.61;301.60
3.085;148;-2.84;1.37;0.73;301.50
3.14;150.8;-2.83;1.46;0.80;301.16
4.297;144.4;-4.19;1.91;0.51;300.94
3.969;139.9;-4.08;1.46;0.59;300.98
3.688;131.3;-3.90;0.87;0.53;301.08
3.599;146.7;-3.42;1.60;0.67;301.05
4.135;156.5;-3.53;2.41;0.71;300.72
3.939;149.6;-3.59;2.01;0.67;300.70
3.163;141.2;-3.15;1.17;0.65;300.72
4.127;145.2;-4.05;1.87;0.49;300.46
4.227;143.7;-4.14;1.82;0.57;300.56
3.691;143.3;-3.68;1.52;0.67;300.61
3.828;142.2;-3.79;1.50;0.55;300.66
3.382;139.7;-3.42;1.16;0.64;300.64
3.98;143.2;-4.04;1.65;0.45;300.18
3.874;141.7;-3.92;1.68;0.50;300.13
3.52;144.5;-3.54;1.43;0.61;300.39
2.899;142.7;-3.01;1.01;0.56;300.31
2.688;142.7;-2.84;0.88;0.60;300.08
2.626;137;-2.91;0.64;0.62;300.00
2.429;138.7;-2.63;0.70;0.60;299.97
2.438;143.3;-2.64;0.78;0.61;299.88
2.122;148.4;-2.23;0.80;0.57;299.60
1.81;164.3;-1.67;0.98;0.55;299.38
1.377;166.7;-1.32;0.62;0.53;299.37
1.346;169.7;-1.25;0.69;0.53;299.25
1.853;168.1;-1.45;1.19;0.54;298.90
2.116;172.1;-1.53;1.51;0.50;298.70
2.138;176.4;-1.34;1.59;0.54;298.60
2.248;177.2;-1.42;1.69;0.48;298.90
1.927;174.7;-1.42;1.28;0.52;299.07
1.375;178.4;-1.12;0.73;0.55;298.92
1.244;186.6;-1.01;0.67;0.51;298.78
1.906;176.4;-1.40;1.24;0.50;298.56
1.308;196.7;-0.74;0.78;0.52;297.94
1.733;190.2;-0.92;1.18;0.51;297.98
2.054;179.8;-1.32;1.52;0.44;298.04
1.919;176.2;-1.41;1.31;0.51;298.43
1.681;178.7;-1.14;1.08;0.48;298.42
1.027;170.4;-1.05;0.40;0.56;298.32
0.887;240.3;-0.12;0.10;0.47;298.06
1.191;244.1;0.39;0.36;0.42;298.12
1.071;236.2;0.05;0.40;0.44;298.26
0.746;229.2;-0.09;0.03;0.46;298.18
0.89;243.3;0.17;0.09;0.47;298.10
0.788;211.7;-0.07;0.20;0.46;297.04
0.898;220.5;0.04;0.36;0.47;297.31
0.87;202.8;-0.20;0.34;0.49;297.35
0.879;186.7;-0.56;0.37;0.47;297.31
0.816;193.1;-0.53;0.29;0.49;297.28
0.605;215.5;-0.44;0.02;0.47;297.37
0.286;269.5;-0.39;-0.40;0.51;296.46
0.544;353;-0.28;-0.82;0.52;295.67
1.331;359.9;-0.05;-1.69;0.51;295.77
1.253;345.3;0.14;-1.68;0.55;295.87
1.194;0.026;0.17;-1.54;0.57;295.86
1.582;309.8;0.95;-0.88;0.48;296.19
2.279;276.3;1.91;-0.05;0.40;296.72
2.202;275.7;1.75;0.01;0.29;297.01
1.931;254.5;1.21;0.66;0.41;296.96
2.103;264.8;1.58;0.34;0.41;296.69
1.815;246.6;1.03;0.75;0.48;296.15
1.897;258.1;1.32;0.51;0.40;296.26
1.805;267.5;1.27;0.14;0.38;296.25
1.821;274.3;1.34;-0.04;0.37;295.88
1.7;292.8;1.20;-0.62;0.32;295.96
1.372;291.3;0.91;-0.53;0.42;296.03
1.585;283.2;1.13;-0.38;0.38;295.82
2.061;279.8;1.69;-0.20;0.38;295.77
1.691;270.2;1.26;-0.01;0.39;295.78
1.598;275.6;1.16;-0.06;0.44;295.66
1.121;266.5;0.49;-0.17;0.44;295.28
1.033;228.4;0.16;0.32;0.46;295.28
1.181;227.8;0.11;0.64;0.41;295.63
0.861;237.1;0.13;0.31;0.51;295.18
1.216;246.3;0.55;0.33;0.45;295.19
1.414;239.3;0.66;0.56;0.46;294.85
1.256;243.3;0.55;0.45;0.51;294.76
0.956;278.1;0.38;-0.13;0.42;294.76
1.309;244.7;0.54;0.45;0.40;295.24
1.492;228.3;0.30;0.87;0.40;295.31
1.734;240.5;0.68;0.81;0.37;295.40
1.892;244.9;1.01;0.91;0.41;295.05
1.727;248.6;0.98;0.62;0.42;294.83
1.587;245.4;0.81;0.57;0.40;294.66
1.689;256.4;1.10;0.32;0.43;294.81
1.5;246.8;0.82;0.43;0.44;294.57
1.741;258.8;1.07;0.40;0.37;294.85
1.649;258.9;1.04;0.27;0.41;294.73
1.989;269.7;1.45;0.15;0.38;294.96
1.58;273;1.14;-0.11;0.41;294.73
1.876;270.4;1.36;0.12;0.40;294.69
1.526;270.3;1.00;0.08;0.42;294.74
1.673;275;1.21;-0.07;0.40;294.77
1.5;266.9;0.90;0.08;0.45;294.94
2.054;259.2;1.33;0.61;0.42;295.09
1.807;275.1;1.27;0.01;0.38;295.38
1.251;269.2;0.55;-0.19;0.50;295.75
1.473;276.3;0.89;-0.11;0.45;295.91
1.015;307.3;0.35;-0.78;0.65;296.34
1.261;308.7;0.52;-0.84;0.61;296.63
1.448;320.8;0.80;-1.21;0.65;296.63
1.142;309.2;0.48;-0.80;0.53;297.17
1.248;304.7;0.57;-0.85;0.54;297.66
1.493;333.6;0.57;-1.47;0.66;297.90
1.827;351.1;0.38;-2.01;0.90;298.53
0.993;333.7;0.02;-0.93;0.70;299.29
1.151;314.9;0.35;-0.95;0.52;299.52
1.334;233.3;-0.13;0.22;0.55;300.55
2.409;224;0.33;1.55;0.41;300.49
1.843;219.8;0.07;1.04;0.55;300.80
2.25;206.5;-0.32;1.64;0.51;300.37
2.77;220.4;0.28;2.07;0.37;300.30
2.119;203.9;-0.50;1.40;0.42;300.44
2.359;200.8;-0.58;1.74;0.30;300.67
3.246;178.6;-1.87;2.37;0.60;300.88
3.804;171.7;-2.39;2.80;0.73;300.94
4.152;173.5;-2.46;3.26;0.78;300.56
4.862;177.1;-2.62;3.92;0.69;300.25
4.505;174.8;-2.71;3.56;0.78;299.90
4.785;177.9;-2.46;3.99;0.60;299.67
4.132;183;-1.82;3.43;0.43;299.82
2.777;198.2;-0.72;2.25;0.37;300.02
2.87;186.1;-1.18;2.14;0.63;300.24
4.146;184.3;-1.89;3.49;0.46;299.96
3.096;195.1;-0.82;2.54;0.62;299.95
3.324;195.7;-0.79;2.76;0.31;300.78
3.445;188.2;-1.36;2.88;0.67;300.88
3.509;188.5;-1.35;2.94;0.47;300.09
3.391;183.3;-1.61;2.71;0.69;300.47
3.213;195.6;-0.92;2.68;0.36;299.77
4.18;184.4;-1.80;3.56;0.39;300.23
4.786;181.9;-2.20;4.10;0.58;300.25
4.755;177.4;-2.64;4.05;0.54;300.29
3.629;185.7;-1.60;2.93;0.43;300.19
3.501;190.5;-1.12;2.81;0.55;300.17
4.414;177;-2.36;3.54;0.70;299.94
3.761;181.5;-1.98;3.10;0.62;300.04
4.254;175.2;-2.54;3.35;0.65;300.16
4.393;175.9;-2.37;3.62;0.53;300.43
4.959;167;-3.26;3.66;0.58;300.68
3.953;171.8;-2.47;2.94;0.74;300.75
3.56;188.6;-1.48;2.91;0.59;300.76
4.531;177.9;-2.38;3.54;0.67;300.53
3.991;157.1;-3.31;2.35;0.62;300.44
3.695;175.8;-1.85;2.46;0.56;300.53
4.025;182.3;-1.88;3.03;0.31;300.58
3.836;170.2;-2.49;2.58;0.62;300.61
3.707;168.8;-2.58;2.61;0.67;300.69
5.1;172.5;-2.88;4.02;0.79;300.61
5.702;174.8;-3.09;4.76;0.66;300.49
5.086;165.5;-3.38;3.62;0.88;300.42
5.598;170.4;-3.38;4.49;0.83;300.16
5.977;165.3;-4.16;4.39;0.88;299.97
6.095;175.9;-3.29;5.19;0.69;299.63
4.619;171.3;-3.02;3.49;0.63;299.63
5.269;176.4;-2.94;4.39;0.83;299.70
5.485;170.5;-3.55;4.26;0.78;299.58
4.905;174.7;-2.80;4.02;0.65;299.45
4.217;174.3;-2.46;3.43;0.60;299.26
3.862;164.1;-2.87;2.53;0.78;299.21
3.773;161;-2.99;2.38;0.82;299.12
3.823;168.6;-2.61;2.77;0.72;298.89
4.447;160.9;-3.40;2.84;0.78;298.78
4.315;159;-3.56;2.78;0.78;298.78
3.846;161.3;-3.13;2.49;0.78;298.87
4.738;158.4;-3.98;3.02;0.80;298.95
4.124;169;-2.83;3.07;0.70;299.05
3.456;165.6;-2.60;2.36;0.55;299.11
3.314;165.2;-2.42;2.26;0.68;299.05
3.353;172.7;-2.18;2.53;0.66;298.99
2.94;176.1;-1.78;2.22;0.49;298.92
3.134;169.9;-2.16;2.25;0.70;298.89
3.34;169.8;-2.32;2.42;0.67;298.94
3.382;170.7;-2.11;2.53;0.71;299.01
3.941;169.3;-2.61;2.97;0.53;299.09
2.34;164.6;-1.91;1.31;0.65;299.00
3.527;171.9;-2.26;2.65;0.51;299.05
3.644;168.9;-2.42;2.50;0.60;299.10
3.135;176.3;-1.79;2.24;0.65;299.01
2.439;182.2;-1.33;1.79;0.48;299.00
1.928;179.1;-1.26;1.35;0.50;298.88
2.811;181.7;-1.46;2.25;0.49;298.93
3.516;177.4;-1.87;2.77;0.50;298.90
2.216;183.4;-1.10;1.60;0.62;298.72
2.112;187.3;-0.96;1.58;0.37;298.65
2.365;199.1;-0.63;1.88;0.36;298.62
2.249;186.3;-1.03;1.69;0.50;298.63
1.6;227.7;0.06;1.05;0.44;298.55
1.322;226.2;-0.02;0.76;0.39;298.41
1.37;215.6;-0.17;0.83;0.45;298.26
2.446;227.4;0.67;1.69;0.45;297.54
1.483;210.8;-0.20;0.83;0.52;296.88
1.892;233.6;0.54;1.26;0.51;296.81
1.982;224.3;0.32;1.28;0.47;296.72
2.291;225.9;0.37;1.59;0.45;296.80
1.936;211.6;-0.11;1.38;0.44;296.86
2.456;228.7;0.52;1.86;0.32;297.19
2.954;210.1;-0.02;2.36;0.23;297.13
2.657;198.8;-0.77;2.13;0.44;297.25
1.826;217.2;0.02;1.13;0.39;297.09
1.433;202.8;-0.48;0.84;0.47;297.45
1.112;241.5;0.17;0.29;0.46;296.95
1.797;247.6;0.90;0.73;0.41;296.76
2.186;238.3;0.86;1.23;0.34;297.01
1.196;237.8;0.29;0.48;0.48;296.99
1.613;249.8;0.68;0.57;0.32;297.14
1.904;260.3;1.19;0.47;0.35;296.94
1.451;245;0.57;0.43;0.59;296.51
1.372;239.8;0.45;0.45;0.48;296.67
1.557;241.1;0.58;0.65;0.42;296.77
1.658;245.5;0.77;0.63;0.45;296.82
1.704;247.1;0.88;0.73;0.49;296.82
2.338;242.1;1.10;1.34;0.36;297.03
1.671;245.8;0.74;0.70;0.40;296.83
2.672;240;1.19;1.79;0.33;296.99
1.798;228.8;0.28;1.17;0.39;296.91
1.395;223.4;0.00;0.72;0.45;296.99
0.996;169.3;-0.60;0.05;0.53;296.69
1.379;222.1;-0.04;0.87;0.44;296.90
1.239;240.1;0.33;0.44;0.39;296.88
1.43;238.1;0.28;0.68;0.38;297.06
1.366;248.4;0.42;0.43;0.38;297.23
1.81;234.2;0.46;0.99;0.40;296.99
1.448;226;0.04;0.75;0.41;296.67
1.757;232.1;0.44;1.08;0.41;296.64
1.895;236.4;0.62;1.13;0.46;296.62
1.893;244.4;0.79;0.90;0.38;296.45
1.291;251;0.50;0.35;0.40;296.15
1.652;270.5;1.17;0.14;0.35;296.33
1.227;246.2;0.41;0.36;0.37;296.31
1.397;249.3;0.49;0.46;0.36;296.35
1.269;255.1;0.50;0.19;0.38;296.33
0.728;249.1;-0.01;-0.08;0.43;296.21
0.581;12.75;-0.45;-0.59;0.51;295.35
0.691;32.82;-0.62;-0.88;0.50;295.41
0.713;30.36;-0.71;-0.90;0.52;295.54
0.675;267.9;-0.28;-0.31;0.45;296.59
0.548;7.196;-0.30;-0.62;0.53;296.83
1.228;39.73;-0.86;-1.58;0.68;296.65
0.782;3.148;-0.36;-0.76;0.48;297.09
0.793;250.5;-0.13;-0.07;0.46;297.25
1.441;236.4;0.16;0.66;0.47;297.71
1.8;233.6;0.42;0.94;0.43;297.86
2.306;217.6;0.15;1.59;0.52;298.17
2.173;206.8;-0.29;1.58;0.40;298.19
2.855;213.6;0.12;2.08;0.29;298.32
2.602;215.3;-0.01;2.01;0.36;298.20
2.574;213.4;0.15;1.91;0.44;298.08
2.356;220.1;0.24;1.65;0.47;298.13
2.501;214.9;0.00;1.87;0.45;298.22
2.172;206.5;-0.34;1.50;0.50;298.32
2.261;220.1;0.23;1.46;0.34;298.52
2.73;227;0.63;1.94;0.43;298.76
2.258;222.7;0.27;1.43;0.53;299.04
1.798;212.4;-0.09;1.06;0.50;299.45
2.85;208.1;-0.16;2.13;0.48;299.44
2.876;210;-0.10;2.08;0.57;299.66
2.852;210.2;0.01;2.05;0.53;300.07
2.825;198.1;-0.64;1.91;0.77;300.40
3.905;172.8;-2.35;3.04;0.62;300.14
3.706;175.1;-2.27;2.92;0.62;299.76
3.648;172.7;-2.23;2.71;0.66;299.97
3.399;179;-1.79;2.65;0.73;299.75
4.048;161.7;-3.15;2.62;0.72;299.39
4.084;151.4;-3.81;2.08;0.67;298.87
3.291;160.4;-2.82;1.96;0.79;298.85
2.875;155.5;-2.51;1.53;0.67;298.95
2.276;165;-1.83;1.30;0.68;299.08
3.549;167.6;-2.50;2.51;0.65;298.88
3.262;161.4;-2.77;1.91;0.74;299.10
4.102;163.8;-3.05;2.88;0.68;299.10
3.783;163.6;-2.98;2.57;0.57;299.22
2.839;170.1;-2.05;1.86;0.69;299.55
3.715;167.7;-2.64;2.58;0.73;299.12
2.918;175.2;-1.93;2.16;0.63;299.20
3.491;171.1;-2.24;2.59;0.65;299.30
3.092;161.7;-2.44;1.90;0.78;299.52
3.276;168;-2.38;2.23;0.71;299.46
2.871;171.1;-1.91;1.89;0.76;299.74
2.84;169.2;-1.95;1.76;0.56;299.23
3.326;146.9;-3.27;1.51;0.61;299.20
2.932;147.9;-2.89;1.29;0.53;299.07
2.743;141.3;-2.76;0.89;0.55;299.08
2.668;128.3;-3.02;0.33;0.47;299.17
2.995;125.1;-3.45;0.37;0.47;299.30
2.286;132.9;-2.51;0.42;0.61;299.59
2.719;148;-2.69;1.19;0.60;299.49
2.712;170.4;-2.02;1.80;0.58;299.39
2.429;197.8;-0.58;1.89;0.47;299.26
2.446;203.2;-0.49;1.98;0.50;298.95
2.417;202.7;-0.30;1.65;0.56;298.87
1.919;203.4;-0.44;1.31;0.46;298.99
2.307;213.8;-0.01;1.72;0.37;299.13
2.09;197.6;-0.62;1.42;0.46;299.20
2.65;185.9;-1.21;1.94;0.48;299.30
1.49;158.8;-1.40;0.52;0.57;299.67
1.839;198.3;-0.59;1.19;0.45;299.48
2.513;175.1;-1.60;1.70;0.52;299.27
2.126;183.7;-1.08;1.51;0.54;299.13
2.17;184.7;-1.16;1.50;0.44;299.09
1.884;185.1;-1.05;1.33;0.58;299.04
2.377;179.9;-1.35;1.75;0.41;299.00
1.742;181;-1.14;1.16;0.55;298.95
1.335;190.3;-0.80;0.73;0.52;298.94
1.91;189.7;-0.93;1.33;0.54;298.88
1.859;176.2;-1.21;1.23;0.56;298.73
1.52;189.8;-0.78;0.98;0.49;298.66
1.436;196.4;-0.60;0.97;0.49;298.60
1.412;188.8;-0.77;0.89;0.49;298.55
1.498;191.7;-0.74;0.99;0.46;298.53
1.452;208.8;-0.42;1.00;0.45;298.43
1.418;217.3;-0.17;0.92;0.44;298.38
1.277;217.6;-0.15;0.79;0.47;298.35
1.204;207.4;-0.40;0.72;0.42;298.21
1.22;170.4;-1.08;0.54;0.52;298.27
0.782;145;-0.98;-0.09;0.53;298.43
0.509;148.1;-0.77;-0.17;0.52;298.41
0.952;156.3;-1.13;0.10;0.54;298.34
0.838;152.5;-1.04;-0.01;0.52;298.20
1.028;186.9;-0.83;0.45;0.45;298.34
0.972;197.7;-0.71;0.46;0.43;298.39
0.964;199.3;-0.57;0.43;0.49;298.38
1.217;239.9;0.25;0.44;0.47;298.37
1.336;233;0.21;0.59;0.44;298.00
1.843;238.2;0.58;1.08;0.45;297.83
2.235;235.9;0.75;1.25;0.34;297.78
2.058;239.1;0.72;1.08;0.48;297.78
1.44;198.6;-0.41;0.68;0.55;297.74
1.688;222;0.03;1.05;0.50;297.58
1.164;210.2;-0.33;0.55;0.51;297.18
1.963;236;0.64;1.16;0.46;297.00
2.457;246.5;1.40;1.19;0.39;296.88
2.002;250.7;1.08;0.81;0.45;296.85
1.939;244.2;1.00;0.90;0.43;297.02
1.979;245.7;0.95;0.98;0.40;297.13
2.438;246.3;1.28;1.20;0.36;297.15
2.008;248.8;1.10;0.85;0.39;297.17
1.823;244;0.85;0.81;0.48;297.18
1.795;249;0.91;0.73;0.46;297.22
2.023;246.8;1.10;0.88;0.42;297.16
1.946;269.3;1.40;0.19;0.48;296.94
2.119;265.5;1.52;0.31;0.40;296.73
1.695;246.6;0.84;0.57;0.46;296.64
1.123;258.9;0.46;0.05;0.48;296.48
1.148;272.9;0.65;-0.22;0.46;296.27
0.741;3.602;-0.28;-1.01;0.58;295.56
0.961;29.28;-0.59;-1.30;0.60;295.75
0.868;35.36;-0.67;-1.27;0.61;295.67
0.627;24.99;-0.42;-1.01;0.54;295.86
0.608;347.7;-0.21;-1.06;0.53;295.68
1.082;351.9;0.02;-1.48;0.53;295.59
1.361;300.9;0.87;-0.84;0.48;295.68
1.522;299.5;1.10;-0.63;0.46;295.86
1.624;301.3;1.06;-0.78;0.46;295.90
1.113;316.1;0.35;-0.88;0.55;295.74
1.091;272.5;0.36;-0.25;0.54;295.78
1.064;330.8;0.36;-1.02;0.55;295.70
0.798;348.5;0.02;-1.03;0.61;295.73
1.216;289.6;0.69;-0.58;0.49;295.74
0.758;222;-0.20;0.09;0.54;295.66
0.842;342.8;-0.19;-0.74;0.56;295.39
0.624;9.73;-0.39;-0.87;0.55;295.56
1.401;8.09;-0.22;-1.81;0.70;295.69
1.482;328.9;0.71;-1.52;0.59;295.90
1.362;307.1;0.85;-0.88;0.46;296.08
1.421;279.1;0.89;-0.24;0.42;295.81
1.213;285.8;0.75;-0.40;0.43;295.52
1.261;336.5;0.38;-1.20;0.62;295.34
1.105;300.5;0.62;-0.68;0.45;295.41
1.469;292.9;1.03;-0.59;0.40;295.35
1.402;286.5;0.93;-0.41;0.39;295.39
1.467;293.5;1.02;-0.63;0.38;295.51
0.651;266.6;0.02;-0.35;0.49;295.42
1.357;344.8;0.37;-1.56;0.63;295.54
1.35;317.1;0.82;-1.18;0.47;295.77
0.499;337.7;-0.10;-0.66;0.55;295.56
0.685;16.66;-0.42;-1.00;0.55;295.25
1.105;356.7;-0.17;-1.54;0.55;295.68
0.869;326;0.06;-0.91;0.57;296.08
1.101;297;0.54;-0.68;0.48;296.35
1.312;283.9;0.80;-0.38;0.47;296.45
2.017;261.5;1.33;0.47;0.40;296.30
1.716;266.1;0.98;0.24;0.44;296.56
1.74;264.2;1.04;0.18;0.48;296.55
2.204;252.8;1.21;0.71;0.45;296.67
1.73;278.5;1.04;-0.17;0.43;296.73
1.625;261.5;0.86;0.26;0.32;296.77
1.203;275.3;0.46;-0.18;0.49;297.31
1.375;292.9;0.77;-0.59;0.48;297.42
1.614;318.1;0.82;-1.20;0.54;297.52
1.13;322.6;0.33;-0.97;0.61;298.16
0.845;325.1;-0.10;-0.84;0.60;298.72
1.199;228.6;-0.05;0.44;0.43;298.85
1.583;258.3;0.71;0.24;0.46;298.91
1.573;231.7;0.22;0.70;0.46;298.99
2.437;249.7;1.43;1.04;0.37;298.56
3.043;244.8;1.64;1.72;0.22;298.39
2.995;245.9;1.68;1.55;0.30;298.75
1.618;238.2;0.24;0.58;0.44;299.16
1.318;184.8;-0.54;0.30;0.61;299.40
2.43;152;-2.37;1.07;0.56;299.31
2.357;137.6;-2.54;0.57;0.48;299.38
2.289;48.73;-1.44;-1.90;0.83;299.02
1.981;8.6;-0.25;-2.18;0.84;299.22
1.486;5.79;-0.11;-1.54;0.81;299.40
1.705;312.8;0.86;-1.08;0.51;298.98
1.617;345;0.35;-1.81;0.59;299.14
3.25;349.7;0.99;-3.35;0.94;298.90
3.06;351.7;0.85;-3.28;0.92;298.83
2.671;350.5;0.71;-2.86;0.86;299.08
1.921;6.456;-0.12;-2.07;0.90;299.47
1.028;155;-1.09;0.00;0.32;299.49
1.376;120.4;-1.73;-0.23;0.42;299.70
2.035;141.8;-2.06;0.49;0.66;299.94
1.944;120.4;-2.29;-0.10;0.59;300.03
2.567;133.8;-2.81;0.55;0.60;299.93
2.345;137.5;-2.38;0.67;0.70;300.10
2.639;155.1;-2.44;1.26;0.72;299.95
2.07;148.4;-2.10;0.71;0.54;300.11
2.3;156.1;-2.04;1.16;0.81;300.19
2.36;132.5;-2.52;0.47;0.64;300.26
2.683;102.1;-3.05;-0.62;0.67;300.09
2.996;137.1;-3.16;0.84;0.50;300.24
2.708;123.6;-2.90;0.20;0.63;300.20
2.911;100.9;-3.20;-0.81;0.69;300.35
2.908;82.7;-2.25;-1.11;0.97;300.31
2.98;123.1;-3.26;0.26;0.73;300.55
3.19;135.9;-3.25;0.85;0.48;300.54
3.608;145.9;-3.46;1.58;0.64;300.67
2.779;142.8;-2.70;0.97;0.69;300.49
2.763;141.5;-2.76;0.97;0.71;300.73
3.47;118.9;-3.79;0.22;0.52;300.38
3.078;118.1;-3.27;0.11;0.82;300.67
3.558;144.3;-3.54;1.54;0.60;300.44
3.257;142.7;-3.23;1.22;0.68;300.54
2.884;136;-3.02;0.85;0.60;300.59
3.189;126;-3.57;0.55;0.53;300.42
3.302;129.7;-3.55;0.57;0.61;300.46
3.412;113.3;-3.91;-0.14;0.67;300.43
3.381;133.6;-3.52;0.79;0.61;300.47
3.43;131.4;-3.57;0.67;0.67;300.43
3.534;141.6;-3.60;1.35;0.53;300.18
3.508;147;-3.38;1.54;0.66;300.20
3.681;133.7;-3.91;0.97;0.50;300.04
2.991;135.1;-3.18;0.74;0.54;300.09
2.808;144.8;-2.88;1.01;0.55;300.14
2.537;103.1;-3.00;-0.63;0.70;300.06
2.548;116.7;-2.92;-0.17;0.56;299.76
2.793;98.8;-3.28;-0.90;0.73;299.75
2.799;100.8;-3.31;-0.75;0.64;299.71
2.381;100;-2.85;-0.74;0.71;299.52
2.299;105.2;-2.81;-0.53;0.59;299.19
1.643;126.2;-2.08;-0.04;0.51;298.92
1.7;107.3;-2.21;-0.49;0.54;298.66
2.013;100.5;-2.64;-0.72;0.58;298.59
1.523;106.6;-2.03;-0.53;0.51;298.25
1.14;85.9;-1.58;-0.80;0.58;298.22
1.2;109.3;-1.67;-0.52;0.51;298.34
1.222;117.5;-1.69;-0.40;0.52;298.39
1.095;124.5;-1.56;-0.33;0.57;298.33
1.034;127;-1.50;-0.25;0.62;297.97
0.493;66.99;-0.90;-0.58;0.55;297.50
0.652;102.1;-1.10;-0.42;0.56;297.97
0.634;84.4;-1.05;-0.56;0.56;298.07
0.394;249.3;-0.60;-0.29;0.53;297.90
1.007;238.4;-0.15;0.22;0.41;298.01
1.165;248.8;0.42;0.26;0.45;297.93
1.165;240.7;0.09;0.38;0.41;297.81
1.058;230.8;-0.18;0.39;0.41;298.08
1.046;225.2;-0.30;0.45;0.44;298.12
0.882;216.5;-0.39;0.30;0.46;298.09
1.202;236.5;0.22;0.53;0.41;297.57
1.252;240.7;0.43;0.49;0.45;297.51
1.517;240.3;0.69;0.59;0.44;297.82
1.239;234.5;0.32;0.58;0.44;297.81
1.153;226.7;0.12;0.57;0.43;297.88
1.049;239.9;0.14;0.33;0.44;297.83
1.057;243;0.17;0.25;0.44;297.85
0.556;209.3;-0.40;0.00;0.47;297.15
0.473;176.7;-0.54;-0.08;0.56;295.96
0.523;28.8;-0.54;-0.80;0.52;295.54
0.853;338.2;-0.05;-1.11;0.49;295.91
0.838;283.8;0.35;-0.35;0.49;296.68
0.575;241.4;-0.13;-0.22;0.51;295.87
0.415;83.3;-0.76;-0.67;0.52;295.65
0.888;39.34;-0.79;-1.20;0.54;295.37
0.725;357.2;-0.31;-1.20;0.52;296.18
0.306;164.8;-0.59;-0.46;0.51;295.77
0.423;103.6;-0.81;-0.60;0.53;295.11
0.537;91.1;-0.87;-0.65;0.51;295.25
0.473;116.6;-0.83;-0.57;0.55;295.31
0.554;117.1;-0.88;-0.54;0.55;295.22
0.349;285.6;-0.20;-0.58;0.50;295.34
0.898;306.3;0.43;-0.70;0.49;295.58
0.639;28.45;-0.26;-1.19;0.53;295.24
0.841;252.3;0.30;-0.38;0.48;295.91
1.205;258.8;0.79;-0.14;0.44;296.41
1.695;262.7;1.19;0.19;0.40;296.42
1.659;269.8;1.13;0.01;0.42;296.29
1.415;293.5;0.90;-0.55;0.40;296.18
1.732;281.6;1.26;-0.33;0.36;295.87
1.814;285.8;1.37;-0.46;0.37;295.81
1.237;279.8;0.76;-0.38;0.45;295.71
1.047;279.7;0.63;-0.33;0.45;295.77
1.451;277.3;1.01;-0.11;0.48;295.99
0.977;351.5;0.00;-0.94;0.54;295.44
0.904;2.875;-0.20;-1.03;0.54;295.54
1.967;286.3;1.58;-0.39;0.34;295.81
1.667;312.6;1.07;-1.00;0.55;295.47
1.598;346.8;0.51;-1.69;0.70;295.51
1.503;327.2;0.85;-1.44;0.64;295.51
1.646;332.2;0.89;-1.58;0.73;295.28
1.565;326;0.90;-1.49;0.64;295.39
1.617;312.4;1.13;-1.13;0.54;295.30
1.017;297.3;0.24;-0.63;0.54;295.14
0.677;178;-0.47;-0.34;0.55;295.15
1.65;3.06;0.00;-1.86;0.75;295.23
1.771;346.4;0.47;-1.91;0.79;295.39
1.562;359;0.10;-1.92;0.77;295.31
1.059;344.7;0.09;-1.40;0.57;295.14
1.789;20.45;-0.35;-2.27;0.75;295.08
2.019;343.8;0.71;-2.17;0.74;295.38
1.672;340;0.67;-1.69;0.70;295.18
1.186;329.6;0.57;-1.17;0.60;295.02
0.931;324.7;0.26;-1.05;0.51;295.13
0.863;339.7;0.10;-1.04;0.61;295.17
0.381;353.9;-0.33;-0.57;0.58;295.62
1.319;299;0.72;-0.70;0.52;296.23
1.861;289.5;1.30;-0.41;0.46;296.35
1.444;298;0.88;-0.64;0.46;296.55
1.572;274.2;0.76;-0.17;0.53;296.74
1.439;295.1;0.81;-0.55;0.55;296.90
1.412;355.9;-0.02;-1.67;0.75;297.13
1.001;318.3;0.29;-0.95;0.51;297.40
0.962;305.8;0.25;-0.71;0.53;297.84
1.228;350.7;-0.01;-1.44;0.68;298.24
1.342;34.21;-0.73;-1.54;0.88;299.04
0.771;22.56;-0.50;-0.81;0.65;299.51
1.105;269.6;-0.03;-0.33;0.79;299.97
1.805;300.9;1.19;-0.79;0.47;299.51
1.626;300;0.98;-0.80;0.41;299.36
1.265;329.2;0.46;-1.26;0.62;299.62
0.748;341.4;-0.29;-0.74;0.75;300.60
1.412;220.7;-0.26;0.54;0.40;300.29
1.024;185.9;-0.58;-0.05;0.58;300.63
1.368;229.4;-0.02;0.54;0.57;300.96
1.26;90.3;-1.01;-0.64;0.72;301.24
2.91;124.7;-3.10;0.29;0.63;300.72
1.793;117.1;-1.95;-0.26;0.59;300.89
2.023;134.8;-2.17;0.29;0.58;300.90
2.66;124.2;-3.00;0.28;0.49;300.38
1.437;123.1;-1.66;-0.10;0.61;300.84
1.284;123.2;-1.27;-0.17;0.72;301.22
2.494;148.9;-2.36;0.81;0.64;301.26
3.347;120.5;-3.68;0.21;0.56;301.09
2.612;129.4;-2.73;0.39;0.66;301.28
2.849;106.2;-3.27;-0.53;0.65;301.05
2.961;135.3;-2.91;0.73;0.70;301.64
3.463;125.8;-3.70;0.51;0.68;301.54
3.457;135.5;-3.35;0.94;0.71;301.78
3.72;133.4;-3.77;0.93;0.77;301.31
4.272;130.9;-4.46;1.02;0.51;301.13
3.892;131.5;-3.93;0.97;0.76;301.29
4.007;132.7;-4.25;1.13;0.54;301.13
4.134;141.1;-4.03;1.53;0.62;301.21
4.142;134.3;-4.23;1.19;0.66;301.13
4.063;133.8;-4.19;1.23;0.66;301.15
4.073;113.7;-4.48;-0.02;0.69;301.14
4.302;144.1;-4.02;1.85;0.60;300.94
4.337;127.9;-4.65;0.90;0.54;300.67
5.01;144.2;-4.91;2.23;0.52;300.59
4.186;149.4;-3.85;2.02;0.68;300.98
4.306;133.2;-4.49;1.20;0.53;300.68
4.637;142;-4.48;2.01;0.56;300.84
4.096;142;-4.07;1.73;0.57;300.99
3.825;144.5;-3.64;1.69;0.69;301.15
3.934;148.4;-3.62;1.89;0.70;301.07
3.95;140.5;-3.97;1.58;0.53;300.92
4.03;150.7;-3.69;2.17;0.59;300.76
2.76;140;-2.70;0.80;0.75;300.86
4.157;141.1;-4.03;1.62;0.65;300.75
3.08;121.3;-3.24;0.22;0.90;301.03
2.959;144;-2.87;1.06;0.74;301.02
3.826;144.4;-3.72;1.57;0.49;300.73
3.673;149.9;-3.47;1.81;0.54;300.60
3.094;148.5;-3.00;1.42;0.63;300.34
3.284;131;-3.72;0.70;0.48;300.44
3.102;124.9;-3.45;0.40;0.54;300.76
3.836;132.5;-4.08;0.99;0.44;300.43
3.065;118.3;-3.50;0.09;0.50;300.63
3.51;136.3;-3.67;1.07;0.56;300.48
3.127;125.1;-3.47;0.29;0.49;300.39
2.667;138;-2.85;0.74;0.63;300.35
1.868;135.1;-2.10;0.21;0.64;300.22
2.066;135.2;-2.33;0.38;0.65;300.12
2.136;135.4;-2.44;0.34;0.64;300.01
2.017;136;-2.35;0.28;0.60;299.85
1.509;143.3;-1.83;0.25;0.57;299.59
1.152;160.5;-1.34;0.30;0.51;299.46
1.214;148.5;-1.47;0.22;0.54;299.33
1.31;146.5;-1.63;0.21;0.57;299.40
0.68;152.6;-0.91;-0.14;0.53;299.12
1.322;167.3;-1.30;0.52;0.51;299.24
1.214;128.5;-1.64;-0.12;0.55;299.20
0.81;155.4;-1.13;-0.02;0.51;299.13
0.972;171;-1.08;0.29;0.50;299.28
1.124;168.2;-1.13;0.42;0.52;299.46
0.809;155;-1.04;0.06;0.54;299.44
0.745;131.2;-1.11;-0.20;0.55;299.19
1.139;114.1;-1.63;-0.30;0.56;299.37
0.893;119;-1.38;-0.35;0.51;299.35
0.855;135;-1.18;-0.25;0.52;299.26
0.809;191.2;-0.90;0.19;0.52;299.24
0.877;203.5;-0.68;0.38;0.45;299.25
0.788;187;-0.83;0.25;0.49;299.28
0.5;117.7;-0.99;-0.42;0.51;299.37
0.451;173.9;-0.94;-0.31;0.53;299.17
0.709;228.6;-0.45;0.08;0.52;299.08
0.384;261.6;-0.40;-0.37;0.49;299.13
0.515;200.4;-0.61;-0.16;0.51;299.36
0.38;234;-0.42;-0.29;0.50;299.24
0.495;176.5;-0.82;-0.23;0.55;299.20
0.549;199.1;-0.76;0.00;0.52;298.76
0.565;211;-0.69;-0.03;0.52;298.81
0.759;234;-0.17;0.11;0.51;298.39
0.323;232.9;-0.66;-0.42;0.53;298.54
0.407;358.3;-0.46;-0.78;0.52;298.78
0.261;188.8;-0.58;-0.37;0.51;298.87
0.571;154.8;-0.82;-0.23;0.51;298.48
0.485;158.9;-0.79;-0.33;0.51;298.75
0.262;156;-0.58;-0.61;0.54;298.76
0.396;229.1;-0.41;-0.33;0.52;298.66
1.229;243;0.35;0.22;0.47;298.20
0.764;244.9;0.11;0.11;0.52;297.79
1.052;285.4;0.61;-0.51;0.49;298.36
1.282;290.3;0.80;-0.53;0.45;298.44
1.471;278.8;0.95;-0.29;0.40;298.40
1.065;303.2;0.53;-0.81;0.49;298.20
1.102;284.6;0.59;-0.44;0.47;298.03
1.287;268.7;0.78;-0.15;0.44;298.03
1.073;285.9;0.50;-0.44;0.46;297.84
0.864;266.3;0.29;-0.26;0.48;297.70
1.022;257;0.38;-0.04;0.45;297.68
0.962;254.7;0.30;0.00;0.47;297.54
1.031;242.4;0.24;0.09;0.46;297.61
0.895;268.7;0.24;-0.23;0.48;297.64
1.156;143.1;-1.34;0.13;0.48;296.56
0.583;171.2;-0.66;-0.30;0.53;296.98
0.827;268.9;0.27;-0.24;0.49;297.49
0.662;157.4;-0.65;-0.07;0.49;296.99
0.519;279.4;-0.18;-0.57;0.48;297.33
0.435;310.8;-0.20;-0.58;0.51;297.41
0.373;342;-0.34;-0.55;0.49;297.48
1.269;260;0.65;-0.03;0.39;297.65
1.066;274.2;0.07;-0.24;0.51;296.98
1.127;340.1;0.10;-1.23;0.51;297.19
0.668;240.7;-0.38;-0.54;0.48;296.98
1.106;277.9;0.62;-0.41;0.42;297.51
1.094;252.7;0.38;0.03;0.44;297.34
0.977;267.1;0.40;-0.26;0.47;297.22
1.058;288.1;0.38;-0.53;0.48;296.99
1.031;313.2;0.35;-0.96;0.50;297.02
1.138;339.2;0.31;-1.27;0.52;296.96
0.95;317.3;0.32;-0.89;0.44;296.77
0.724;49.15;-0.58;-0.93;0.57;296.45
0.853;22.74;-0.49;-1.23;0.56;296.63
1.328;335.5;0.41;-1.40;0.52;297.15
1.301;316.7;0.73;-1.09;0.52;297.44
0.592;283.2;-0.23;-0.49;0.50;297.43
0.639;268.5;-0.12;-0.41;0.55;297.56
0.771;86.1;-0.84;-0.63;0.59;297.70
1.249;311.9;0.69;-0.97;0.51;298.12
1.705;305.9;1.11;-0.82;0.49;298.22
1.307;280.7;0.60;-0.32;0.56;298.46
1.813;283.6;1.27;-0.27;0.38;298.53
1.322;314.2;0.70;-1.15;0.51;298.79
1.192;306.1;0.42;-0.83;0.50;299.21
1.2;321.3;0.35;-1.15;0.58;299.59
1.733;339.2;0.47;-1.77;0.65;299.54
1.941;347;0.46;-2.10;0.69;299.81
1.47;348.3;0.19;-1.62;0.85;300.44
2.398;3.054;0.08;-2.68;0.94;300.30
2.186;357.8;0.25;-2.42;0.84;300.45
2.162;2.424;0.10;-2.49;0.80;300.59
2.467;0.907;0.20;-2.77;0.75;300.73
2.146;1.791;0.08;-2.51;0.83;301.06
2.437;2.735;0.12;-2.76;0.86;301.22
2.768;356.2;0.45;-2.98;0.82;301.26
3.21;11.25;-0.11;-3.66;0.86;301.38
3.046;345.9;1.06;-3.04;0.78;301.45
2.461;0.727;0.24;-2.75;0.86;301.61
2.393;346.6;0.74;-2.40;0.73;301.77
2.193;0.976;0.06;-2.05;0.90;302.01
2.416;39.15;-1.24;-2.24;0.82;302.02
2.36;39.66;-1.00;-2.01;0.91;302.37
2.949;37.91;-1.33;-2.82;1.10;302.36
3.046;78.21;-3.11;-1.80;0.89;302.46
4.668;78.98;-4.64;-2.48;1.19;302.28
4.845;87.2;-5.12;-2.09;0.99;301.92
4.483;82.9;-4.61;-2.26;1.07;302.28
4.225;104.1;-4.69;-0.80;0.81;302.27
4.584;99.7;-5.05;-0.91;0.84;302.36
5.024;94.7;-5.39;-1.51;0.95;302.33
5.719;90.8;-6.19;-2.09;0.84;302.22
5.328;91.8;-5.79;-1.99;1.00;302.29
4.694;90.7;-5.05;-1.79;0.95;302.38
4.715;81;-4.76;-2.45;0.99;302.37
5.011;86.8;-5.22;-2.11;1.05;302.17
4.966;94.4;-5.39;-1.64;0.88;302.07
4.469;99.7;-4.98;-0.99;0.76;302.02
4.692;105.6;-5.24;-0.69;0.74;301.62
4.364;101.4;-4.76;-0.80;0.91;301.77
4.075;107.1;-4.62;-0.44;0.64;301.72
4.374;105.6;-4.89;-0.59;0.80;301.32
4.713;95.5;-5.25;-1.43;0.95;300.98
4.045;106.9;-4.76;-0.49;0.62;300.76
3.721;112.9;-4.25;-0.13;0.59;300.72
4.238;102.5;-4.78;-0.87;0.69;300.72
3.793;116.4;-4.37;-0.01;0.61;300.70
3.613;108.7;-4.18;-0.40;0.57;300.73
3.438;102.4;-4.00;-0.75;0.73;300.80
3.633;102;-4.18;-0.78;0.62;300.75
3.246;110.8;-3.72;-0.33;0.64;300.72
3.781;103.6;-4.44;-0.78;0.56;300.74
2.841;113.3;-3.39;-0.14;0.66;300.86
2.946;111;-3.50;-0.33;0.53;300.82
2.13;85.7;-2.40;-1.23;0.74;300.87
2.619;97.3;-3.10;-0.91;0.66;300.86
2.875;93.1;-3.34;-1.22;0.76;300.85
2.883;90;-3.32;-1.36;0.80;300.84
2.836;99.5;-3.43;-0.82;0.73;300.78
3.174;99.7;-3.70;-0.86;0.67;300.75
2.253;97.6;-2.76;-0.88;0.73;300.74
2.361;125.4;-2.76;0.07;0.58;300.71
2.188;123.2;-2.62;0.06;0.59;300.67
2.191;118;-2.67;-0.18;0.54;300.58
1.951;94.2;-2.39;-0.83;0.69;300.47
1.761;118.9;-2.23;-0.13;0.59;300.43
2.218;106.1;-2.79;-0.48;0.65;300.39
3.446;91.4;-3.96;-1.36;0.75;300.32
2.351;109.5;-2.82;-0.46;0.55;300.27
1.708;134.4;-2.04;0.19;0.57;300.29
1.244;79.64;-1.57;-0.94;0.69;300.28
1.156;122.6;-1.57;-0.28;0.53;300.25
1.548;103.4;-2.07;-0.64;0.56;300.22
1.778;110.6;-2.33;-0.41;0.51;300.01
2.013;106.9;-2.60;-0.50;0.56;299.83
2.141;105.6;-2.67;-0.60;0.50;299.81
1.219;111.2;-1.71;-0.45;0.52;299.77
1.002;117.1;-1.46;-0.41;0.54;299.81
1.387;115.5;-1.89;-0.42;0.51;299.93
0.905;137.8;-1.28;-0.21;0.49;299.84
0.668;135.6;-1.05;-0.28;0.53;299.83
0.756;104.9;-1.18;-0.50;0.54;299.86
0.821;144.2;-1.24;-0.13;0.54;299.81
0.505;159.2;-0.92;-0.23;0.55;299.47
0.591;45.21;-0.85;-0.75;0.53;299.53
0.657;70.45;-1.01;-0.75;0.57;299.43
0.471;52.6;-0.75;-0.68;0.53;299.50
0.62;163.5;-0.88;-0.15;0.49;299.61
1.094;167.7;-1.18;0.35;0.49;299.63
0.711;171.6;-0.96;0.03;0.50;299.58
0.831;160.6;-1.18;0.06;0.53;299.44
0.764;149.4;-1.15;-0.04;0.51;299.28
0.492;143.6;-0.96;-0.19;0.51;299.07
1.318;157.7;-1.52;0.47;0.50;299.35
1.152;122.3;-1.66;-0.12;0.59;299.23
0.71;103.7;-1.22;-0.33;0.57;299.05
0.896;170.8;-1.22;0.13;0.55;299.18
0.394;231.9;-0.66;-0.37;0.54;298.82
0.332;327.6;-0.77;-0.42;0.53;298.95
0.774;52.33;-1.24;-0.86;0.56;298.82
0.875;110.3;-1.42;-0.69;0.57;298.94
1.065;128.7;-1.53;-0.35;0.57;298.86
0.915;178.6;-1.11;0.15;0.50;298.68
0.472;230.5;-0.54;-0.21;0.50;298.30
0.286;141.3;-0.77;-0.43;0.55;298.58
0.633;330.9;-0.27;-0.91;0.52;298.57
0.603;12.92;-0.55;-0.96;0.57;298.49
0.563;33.71;-0.72;-0.95;0.55;298.50
0.39;57.6;-0.75;-0.61;0.55;298.52
0.472;305.5;-0.12;-0.64;0.51;298.58
0.885;249.2;0.28;-0.12;0.51;298.65
0.898;229.4;0.05;0.18;0.51;298.50
0.523;188.2;-0.54;-0.01;0.51;298.52
0.694;192.8;-0.48;0.16;0.49;298.74
0.485;192.8;-0.51;-0.04;0.52;298.80
0.568;41.24;-0.70;-0.74;0.53;298.22
0.987;44.92;-0.82;-1.15;0.58;298.02
0.403;174.3;-0.72;-0.45;0.52;298.09
0.266;191.8;-0.55;-0.49;0.53;298.31
0.261;210.2;-0.50;-0.44;0.53;298.53
0.363;111.8;-0.56;-0.62;0.57;298.56
0.543;37.26;-0.54;-0.69;0.54;297.93
0.342;109.5;-0.60;-0.56;0.53;298.31
0.291;159.3;-0.46;-0.35;0.52;298.50
0.353;154.8;-0.72;-0.46;0.53;298.26
0.331;286.3;-0.28;-0.56;0.52;298.43
0.327;4.49;-0.28;-0.60;0.53;298.44
0.897;13.61;-0.32;-1.31;0.53;298.55
0.841;312;0.27;-0.92;0.54;299.03
0.866;275.7;0.27;-0.53;0.47;299.07
0.936;249.4;0.28;0.12;0.50;298.69
1.278;283.7;0.76;-0.39;0.45;298.61
1.371;287.3;0.82;-0.52;0.40;298.60
1.35;289.8;0.81;-0.51;0.39;298.48
0.884;289.8;0.28;-0.51;0.47;298.36
0.544;320.3;-0.13;-0.64;0.48;298.26
0.498;349.4;-0.27;-0.83;0.52;298.18
0.495;298.8;-0.10;-0.73;0.52;298.30
0.452;286.8;-0.12;-0.63;0.52;298.34
0.733;315.6;0.17;-0.90;0.49;298.45
0.78;307.4;0.14;-0.69;0.46;298.63
0.361;246.6;-0.41;-0.52;0.62;299.07
0.593;310.3;-0.07;-0.55;0.53;299.29
1.123;310.3;0.45;-0.82;0.56;299.42
0.903;307;0.25;-0.62;0.62;300.03
1.643;316.5;0.94;-1.24;0.64;300.04
1.755;307;1.17;-1.02;0.61;300.00
1.581;315;0.95;-1.25;0.56;299.56
1.883;328.8;0.95;-1.71;0.59;300.09
2.692;348.7;0.83;-2.88;0.90;300.36
4.331;347.2;1.74;-4.37;0.97;300.57
4.35;352.6;1.33;-4.54;1.15;300.63
3.989;350.6;1.25;-4.17;1.06;300.66
3.337;351.9;0.94;-3.48;0.94;300.89
3.734;343.7;1.59;-3.67;0.91;300.91
4.35;342.5;2.05;-4.23;0.98;301.06
4.515;357.9;1.11;-4.81;1.23;301.25
4.953;357.5;1.34;-5.26;1.30;301.30
5.003;356.8;1.21;-5.32;1.26;301.33
5.145;353.3;1.60;-5.27;1.38;301.72
5.316;358.9;1.26;-5.62;1.29;301.79
5.041;359.3;1.18;-5.38;1.26;301.54
5.105;4.695;0.66;-5.51;1.26;301.71
5.216;2.108;1.02;-5.60;1.48;302.15
5.005;358.9;1.14;-5.30;1.35;302.42
5.022;4.546;0.69;-5.43;1.34;302.51
5.809;9.92;0.27;-6.39;1.44;302.69
6.2;7.546;0.58;-6.74;1.47;302.75
5.627;1.27;1.10;-6.07;1.46;303.24
6.155;5.109;0.95;-6.61;1.57;303.22
6.198;1.906;1.20;-6.53;1.67;303.39
6.388;356.4;1.93;-6.60;1.48;303.29
6.246;5.414;0.94;-6.76;1.49;303.33
5.879;0.695;1.18;-6.29;1.49;303.71
6.182;7.291;0.59;-6.66;1.42;303.47
5.853;1.545;1.09;-6.19;1.56;303.84
6.211;0.194;1.53;-6.55;1.51;303.80
5.67;4.11;0.75;-6.05;1.52;303.96
6.01;12.26;0.11;-6.46;1.42;303.69
5.964;354.6;1.85;-6.10;1.42;304.08
5.899;5.797;0.71;-6.31;1.39;303.93
5.691;10.44;0.22;-6.19;1.52;304.06
5.227;4.749;0.68;-5.62;1.36;304.03
5.216;8.9;0.27;-5.72;1.41;304.29
5.094;23.26;-1.03;-5.42;1.45;304.47
5.161;7.851;0.41;-5.46;1.26;304.34
4.605;3.692;0.64;-4.99;1.24;304.58
4.276;13.58;-0.29;-4.73;1.23;304.52
3.758;13.98;-0.33;-4.16;1.12;304.76
3.732;17.01;-0.42;-4.12;1.14;304.88
4.942;58.09;-3.81;-3.97;1.37;304.17
5.145;73.95;-4.76;-3.11;1.34;304.14
4.966;71.6;-4.52;-3.26;1.35;304.05
5.821;76.38;-5.54;-3.43;1.18;303.59
5.21;82.1;-5.29;-2.68;1.16;303.54
5.271;80.3;-5.22;-2.88;1.22;303.32
4.947;74.63;-4.70;-2.98;1.17;303.18
4.882;79.63;-4.84;-2.71;1.11;303.14
4.99;70.96;-4.48;-3.30;1.42;303.06
5.317;74.68;-4.98;-3.21;1.17;302.74
4.338;72.78;-4.00;-2.77;1.27;302.45
3.858;66.72;-3.35;-2.89;1.09;302.12
3.486;65.89;-3.20;-2.65;1.04;301.87
3.832;81.9;-4.00;-2.07;0.89;301.73
3.614;79.71;-3.60;-2.10;1.08;301.68
3.766;63.27;-3.38;-2.92;1.09;301.67
3.623;74.78;-3.62;-2.32;0.91;301.64
3.365;73.81;-3.28;-2.29;0.97;301.60
3.22;66.51;-2.92;-2.48;1.04;301.59
3.441;54.46;-2.68;-3.15;0.99;301.59
2.88;31.27;-1.17;-3.21;1.03;301.67
2.616;48.33;-1.80;-2.59;0.95;301.58
2.199;73.64;-2.27;-1.60;0.88;301.28
2.43;75.65;-2.54;-1.73;0.80;301.20
2.252;72.55;-2.29;-1.71;0.80;301.20
2.198;82.7;-2.49;-1.37;0.79;301.07
2.296;71.26;-2.32;-1.78;0.79;301.10
2.317;78.61;-2.40;-1.57;0.86;301.06
2.09;79.87;-2.32;-1.42;0.72;301.03
2.249;53.12;-1.72;-2.22;0.84;301.10
2.889;44.93;-1.89;-3.01;0.95;301.22
2.352;45.68;-1.63;-2.55;0.89;301.21
2.52;47.06;-1.79;-2.61;0.93;301.26
2.008;65.86;-1.87;-1.80;0.77;301.21
1.972;36.46;-1.17;-2.29;0.86;301.22
2.739;49.2;-2.02;-2.76;0.93;301.25
2.332;51.37;-1.81;-2.34;0.88;301.27
1.698;57.94;-1.62;-1.76;0.72;301.27
1.771;59.14;-1.62;-1.77;0.71;301.30
1.907;67.44;-1.85;-1.61;0.79;301.30
2.151;56;-1.77;-2.08;0.83;301.26
2.268;61.44;-2.02;-2.05;0.84;301.15
2.041;60.85;-1.86;-1.88;0.82;301.12
2.27;62.31;-2.09;-2.05;0.88;301.16
1.489;57.62;-1.43;-1.54;0.75;301.08
1.196;43.89;-0.98;-1.48;0.70;301.14
1.623;29.9;-0.84;-1.92;0.75;301.12
3.543;20.51;-0.72;-4.09;1.12;301.24
3.758;26.06;-1.11;-4.21;1.24;301.16
4.714;15.18;-0.29;-5.32;1.23;301.28
5.166;19.71;-0.70;-5.77;1.32;301.27
4.339;20.69;-0.69;-4.88;1.23;301.20
3.883;26.29;-1.15;-4.34;1.11;301.18
3.758;28.29;-1.26;-4.26;1.09;301.01
3.242;15.58;-0.40;-3.84;0.97;300.91
3.721;4.487;0.32;-4.24;1.05;300.94
3.827;2.577;0.51;-4.33;1.03;300.90
4.081;1.312;0.81;-4.48;1.05;300.88
3.486;353.1;0.97;-3.77;1.01;300.83
3.14;350.7;0.93;-3.46;0.94;300.80
3.265;2.01;0.39;-3.67;0.97;300.79
3.582;11.48;-0.10;-4.16;1.00;300.84
3.115;19.55;-0.56;-3.67;1.01;300.76
3.081;23.85;-0.85;-3.56;0.95;300.76
3.949;14.46;-0.26;-4.49;1.02;300.81
4.253;14.37;-0.27;-4.87;1.14;300.84
4.034;10.93;0.06;-4.65;1.08;300.73
3.583;6.288;0.28;-4.17;1.08;300.56
3.406;10.76;0.01;-4.00;1.05;300.63
3.381;11.88;-0.17;-3.94;1.02;300.69
3.42;5.346;0.26;-3.92;0.94;300.71
4.295;5.398;0.54;-4.86;1.09;300.64
4.49;4.013;0.71;-4.88;1.17;300.26
3.419;7.464;0.16;-3.96;0.99;300.28
2.296;15.13;-0.42;-2.80;0.87;300.15
2.099;6.362;-0.05;-2.55;0.70;300.27
2.422;1.978;0.19;-2.90;0.79;300.60
3.159;5.399;0.29;-3.62;0.96;300.78
2.404;353.2;0.54;-2.65;0.76;300.73
2.467;343.3;0.94;-2.55;0.66;300.65
2.703;350.6;0.82;-2.91;0.75;300.62
3.383;349.8;1.12;-3.61;0.83;300.77
4.113;6.095;0.48;-4.62;1.02;300.95
3.526;358;0.74;-3.95;0.99;301.00
3.183;0.362;0.50;-3.66;0.89;301.06
2.279;345.2;0.74;-2.46;0.69;300.98
2.881;348.8;1.08;-2.99;0.83;301.02
2.77;348.3;0.96;-2.84;0.80;301.02
3.277;341.9;1.49;-3.24;0.79;301.04
3.249;339;1.59;-3.21;0.64;301.12
2.803;340;1.29;-2.74;0.65;301.11
2.442;341.3;1.07;-2.48;0.62;301.10
3.174;344.3;1.32;-3.26;0.86;301.26
4.007;345.5;1.74;-4.04;0.91;301.37
3.112;346.2;1.19;-3.21;0.83;301.43
2.905;340.5;1.51;-2.87;0.85;301.44
3.348;340.3;1.58;-3.17;0.73;301.46
3.325;340.6;1.69;-3.22;0.78;301.46
2.966;335.3;1.65;-2.78;0.71;301.49
3.032;338.6;1.55;-2.98;0.78;301.52
4.29;347.3;1.73;-4.33;0.91;301.67
4.28;346.1;1.81;-4.27;1.05;301.58
3.471;343.4;1.44;-3.56;0.90;301.64
3.822;347.7;1.51;-3.93;0.98;301.83
5.139;349.3;2.09;-5.10;1.20;302.26
6.026;354.1;1.91;-6.25;1.31;302.13
5.101;359.3;1.20;-5.48;1.25;302.09
5.221;354.3;1.60;-5.44;1.18;302.07
4.8;358.4;1.18;-5.08;1.21;302.26
4.988;8.43;0.47;-5.53;1.36;302.50
5.641;2.967;1.08;-6.05;1.35;302.57
4.747;347.9;1.92;-4.73;1.20;302.85
5.307;354.6;1.70;-5.59;1.39;303.09
6.651;355.7;2.08;-6.86;1.42;303.39
6.595;352.8;2.25;-6.68;1.39;303.62
6.21;355.9;1.89;-6.44;1.40;303.86
6.087;356.8;1.68;-6.39;1.47;304.13
5.456;353.8;1.73;-5.62;1.24;304.10
5.996;3.176;0.89;-6.39;1.42;304.25
6.103;7.22;0.71;-6.61;1.46;304.22
5.744;356.7;1.49;-6.03;1.43;304.40
5.811;3.192;0.93;-6.23;1.45;304.68
6.47;10.82;0.38;-7.13;1.58;304.54
6.327;2.394;1.31;-6.67;1.56;304.96
5.178;349.9;2.02;-5.18;1.32;305.20
5.541;351.4;2.02;-5.61;1.25;305.16
5.749;358.1;1.41;-6.06;1.32;305.19
5.35;351.5;1.86;-5.51;1.28;305.53
5.285;10.49;0.25;-5.71;1.64;305.71
5.79;15.25;-0.21;-6.39;1.53;305.51
5.536;3.286;0.91;-5.87;1.48;305.74
5.373;3.481;0.78;-5.74;1.46;305.88
5.394;6.435;0.57;-5.78;1.57;305.70
6.272;13.66;-0.10;-6.94;1.56;305.24
5.605;11.58;0.31;-6.00;1.65;305.64
5.754;5.564;0.82;-6.22;1.55;305.69
5.901;4.947;0.77;-6.44;1.55;305.65
6.515;0.83;1.47;-6.91;1.49;305.28
6.3;359.7;1.65;-6.72;1.44;305.06
5.562;356.8;1.56;-5.86;1.47;305.00
6.063;4.858;0.88;-6.62;1.45;304.82
5.883;1.888;1.18;-6.31;1.50;304.81
5.938;10.99;0.27;-6.51;1.52;304.68
6.371;15.04;-0.17;-6.99;1.59;304.26
5.777;2.187;1.13;-6.30;1.52;303.96
6.026;6.915;0.64;-6.56;1.45;303.68
5.876;12.15;0.11;-6.51;1.44;303.43
5.237;19.67;-0.67;-5.82;1.37;303.39
3.76;6.55;0.26;-4.20;1.09;303.39
4.144;1.106;0.76;-4.49;1.16;303.31
4.153;354.8;1.15;-4.44;1.04;303.04
4.662;354.4;1.46;-4.91;1.11;302.72
4.98;354.3;1.56;-5.23;1.12;302.62
5.947;3.213;1.21;-6.38;1.40;302.50
4.781;358.5;1.16;-5.11;1.23;302.40
5.584;5.184;0.75;-6.14;1.37;302.19
5.789;353.6;1.96;-5.99;1.29;302.15
4.245;356;1.11;-4.53;1.16;302.09
3.124;341.5;1.35;-3.04;0.77;302.06
3.053;322.6;2.09;-2.30;0.51;300.95
3.192;328.1;2.18;-2.64;0.79;300.93
2.543;325.3;1.68;-2.09;0.57;300.67
2.38;312.2;1.76;-1.48;0.39;300.60
1.921;260.6;1.20;0.30;0.39;300.54
1.566;335.9;0.66;-1.58;0.49;300.53
0.739;247.4;-0.03;-0.28;0.48;300.56
1.021;36.54;-0.67;-1.34;0.57;300.64
1.767;6.002;-0.06;-2.27;0.68;300.79
3.012;8.54;0.00;-3.61;0.89;301.04
3.468;353.6;0.99;-3.77;0.91;301.04
2.911;345.7;1.12;-3.17;0.73;300.88
4.027;356.6;1.13;-4.37;1.04;301.24
4.07;1.617;0.63;-4.52;1.08;301.38
4.686;0.787;0.93;-5.14;1.09;301.33
5.724;6.422;0.69;-6.31;1.46;301.04
4.626;358.8;1.08;-5.05;1.18;300.83
3.598;7.766;0.21;-4.16;1.03;300.84
3.283;18.01;-0.49;-3.86;1.01;300.97
4.621;15.04;-0.33;-5.29;1.19;301.21
3.398;16.22;-0.30;-3.92;1.09;301.05
4.338;14.58;-0.28;-4.95;1.23;300.96
4.078;11.77;-0.12;-4.67;1.20;300.97
4.559;3.421;0.72;-5.00;1.18;301.03
4.296;2.473;0.72;-4.70;1.17;301.04
4.046;10.1;0.09;-4.55;1.11;301.08
4.395;4.146;0.69;-4.77;1.19;301.30
4.893;1.023;1.01;-5.28;1.23;301.47
4.932;354.5;1.51;-5.29;1.20;301.64
4.68;349.9;1.83;-4.79;1.00;301.69
4.054;344.8;1.83;-4.04;0.99;301.59
2.831;345;1.20;-2.85;0.67;301.60
2.486;339.4;1.07;-2.44;0.76;301.57
4.143;351.3;1.55;-4.27;1.05;301.67
3.149;341.5;1.55;-3.09;0.70;301.37
2.885;331.2;1.76;-2.55;0.56;301.38
2.521;336.2;1.27;-2.45;0.66;301.16
1.887;344.9;0.53;-1.97;0.63;301.02
2.665;346.5;0.95;-2.82;0.78;301.17
3.681;351.2;1.26;-3.83;0.92;301.27
3.118;343.1;1.42;-3.13;0.75;301.15
2.316;332.3;1.31;-2.14;0.75;301.10
2.261;339.4;1.05;-2.23;0.65;301.10
2.315;326.2;1.54;-1.95;0.60;301.13
2.833;321;2.17;-2.22;0.55;300.83
2.696;322.5;1.96;-2.12;0.54;300.62
2.352;313.8;1.84;-1.56;0.52;300.39
2.187;292.8;1.75;-0.68;0.36;300.08
2.124;302.3;1.68;-1.05;0.43;300.02
2.105;315;1.58;-1.44;0.45;300.11
2.076;313.3;1.59;-1.42;0.48;300.13
2.215;312.9;1.77;-1.52;0.44;300.14
2.259;306.7;1.85;-1.24;0.49;300.18
2.605;306;2.20;-1.23;0.32;300.34
2.376;321.8;1.70;-1.79;0.51;300.40
1.844;328.3;0.97;-1.70;0.69;300.40
1.809;314.7;1.24;-1.33;0.53;300.30
1.779;315.2;1.17;-1.35;0.54;300.27
1.188;281.3;0.61;-0.41;0.44;300.15
2.065;342.1;0.83;-2.17;0.61;300.44
2.213;346;0.73;-2.35;0.74;300.62
0.98;307.1;0.31;-0.85;0.50;300.42
1.214;337.6;0.27;-1.37;0.47;300.51
1.516;352.5;0.22;-1.74;0.61;300.57
1.989;337.6;0.81;-2.01;0.57;300.75
1.416;298.8;0.96;-0.83;0.50;300.65
1.353;321.7;0.66;-1.15;0.46;300.59
1.434;350.8;0.21;-1.64;0.62;300.45
1.157;327.5;0.34;-1.30;0.53;300.40
1.003;264.3;0.43;-0.29;0.48;300.27
1.036;322.9;-0.04;-0.98;0.44;300.25
0.947;352;-0.09;-1.34;0.52;300.18
1.418;358.1;-0.02;-1.86;0.56;300.22
2.058;0.699;0.20;-2.45;0.67;300.61
2.02;3.428;0.02;-2.52;0.66;300.65
1.248;9.27;-0.25;-1.63;0.57;300.58
0.972;25.41;-0.56;-1.36;0.54;300.54
0.896;90.1;-1.11;-0.88;0.53;300.51
0.659;100.1;-0.92;-0.63;0.58;300.41
0.388;189.2;-0.59;-0.44;0.49;300.63
0.819;1.296;-0.31;-0.96;0.67;300.98
1.734;330.4;0.80;-1.69;0.63;300.89
1.889;333.8;0.91;-1.91;0.59;300.77
1.966;344.5;0.61;-2.06;0.65;300.80
2.024;342.2;0.76;-2.11;0.75;301.12
2.77;341.9;1.14;-2.84;0.81;301.39
3.326;341.8;1.54;-3.19;0.82;301.40
2.848;340.8;1.28;-2.74;0.82;301.79
2.946;344.8;1.16;-2.99;0.93;302.07
3.065;342.5;1.34;-2.97;0.94;302.14
3.036;339.5;1.50;-3.00;0.78;302.44
3.283;351.3;0.91;-3.44;0.95;302.41
3.409;353.2;0.95;-3.63;1.07;302.73
3.808;351.3;1.17;-3.89;0.97;302.59
3.971;357.4;0.86;-4.29;0.97;302.83
3.963;9.35;0.08;-4.48;1.04;303.00
4.83;8.1;0.31;-5.34;1.21;302.95
4.48;13.6;-0.15;-5.00;1.34;303.11
4.186;4.779;0.42;-4.65;1.26;303.30
4.946;8.16;0.34;-5.52;1.27;303.30
5.706;9.5;0.33;-6.29;1.33;303.41
5.312;6.768;0.51;-5.87;1.41;303.74
5.91;15.25;-0.32;-6.49;1.48;303.69
5.302;16.4;-0.26;-5.81;1.40;303.87
5.347;13.49;-0.14;-5.91;1.38;304.12
5.53;6.887;0.49;-5.92;1.35;304.48
5.689;359.1;1.37;-6.05;1.45;304.93
6.363;0.751;1.43;-6.84;1.57;304.69
5.904;8.51;0.42;-6.50;1.45;304.15
2.81;14.04;-0.32;-3.25;0.96;303.16
2.183;1.973;0.09;-2.47;0.88;303.32
2.56;343.9;0.90;-2.63;0.81;303.55
3.089;3.995;0.24;-3.49;1.05;304.09
3.881;9.19;0.14;-4.31;1.07;303.99
3.6;5.977;0.31;-4.00;1.03;304.11
3.015;16.37;-0.42;-3.41;0.99;304.35
2.946;34.95;-1.31;-3.06;1.14;304.85
3.112;52.1;-2.27;-2.91;1.02;304.78
2.637;12.03;-0.48;-2.83;0.81;305.32
2.127;93.1;-1.83;-0.83;0.65;305.35
2.514;114.3;-2.84;-0.30;0.65;305.30
3.1;144.5;-3.16;1.16;0.57;305.11
2.269;145;-2.32;0.73;0.64;305.10
1.894;120;-2.12;-0.13;0.60;305.13
1.935;111;-2.25;-0.39;0.60;304.92
1.653;102.3;-1.91;-0.57;0.53;305.13
1.358;70.01;-1.26;-0.96;0.65;305.57
2.326;338.6;0.83;-2.30;0.73;305.64
3.412;344.7;1.45;-3.42;0.95;305.28
2.991;341.8;1.36;-2.99;0.87;305.10
3.696;343;1.73;-3.66;0.92;304.80
4.523;349.6;1.71;-4.55;1.14;304.57
4.096;351.2;1.35;-4.19;1.17;304.70
3.986;350.1;1.31;-4.14;1.04;304.69
5.141;346.2;2.25;-5.11;1.18;304.39
8.16;355.9;2.62;-8.40;1.67;303.75
7.966;0.023;2.16;-8.34;1.82;303.36
5.152;346.7;2.33;-4.85;1.00;299.44
1.929;229;0.37;1.26;0.50;299.21
2.291;235;0.83;1.44;0.48;299.39
1.302;201.5;-0.45;-0.14;0.60;299.58
2.218;68.09;-2.10;-1.78;0.92;299.84
2.499;30.92;-0.99;-2.97;0.92;300.10
1.401;48.6;-1.05;-1.51;0.69;300.13
1.763;83.3;-2.02;-1.13;0.68;299.90
2.105;130.9;-2.39;0.24;0.49;299.54
2.615;181.5;-1.45;2.05;0.47;299.68
2.371;195;-0.85;1.91;0.38;299.96
1.861;219.6;-0.09;1.43;0.44;299.82
2.458;217.2;0.16;1.98;0.35;300.67
2.336;227.1;0.48;1.74;0.35;300.67
2.163;211.9;-0.21;1.64;0.54;300.57
2.102;202.9;-0.58;1.54;0.45;300.33
2.062;185.8;-1.02;1.48;0.53;300.22
1.992;193.8;-0.66;1.37;0.47;300.27
2.367;220.7;0.17;1.76;0.36;300.14
2.042;221.7;0.16;1.46;0.43;300.37
1.675;208.2;-0.19;1.01;0.58;300.36
1.491;162.5;-1.06;0.45;0.60;300.77
1.185;130.5;-0.87;-0.24;0.66;300.87
1.051;45.99;-0.82;-1.02;0.70;300.49
0.781;10.15;-0.53;-0.84;0.50;300.25
0.922;350.5;-0.28;-1.03;0.58;300.45
2;127.3;-1.81;0.03;0.59;300.53
1.429;40.16;-0.89;-1.19;0.73;300.17
1.011;356.2;-0.24;-1.25;0.52;300.28
1.129;4.796;-0.33;-1.42;0.69;300.21
0.763;342.8;-0.15;-1.11;0.51;300.17
0.88;2.4;-0.38;-1.27;0.56;300.10
1.241;24;-0.71;-1.67;0.71;299.87
1.818;28.09;-0.85;-2.24;0.76;299.94
1.52;20.85;-0.63;-1.93;0.76;299.90
1.698;50.14;-1.43;-1.80;0.75;299.84
1.881;63.61;-1.83;-1.69;0.78;299.94
0.77;106.9;-1.06;-0.54;0.55;299.83
0.934;5.575;-0.42;-0.92;0.65;299.65
1.465;5.075;-0.24;-1.85;0.63;299.81
1.669;5.97;-0.25;-2.05;0.75;299.73
0.99;111.9;-1.21;-0.49;0.51;299.71
0.968;131.2;-1.28;-0.16;0.56;299.52
0.514;89.1;-0.71;-0.48;0.49;299.55
1.01;60.36;-1.13;-1.08;0.76;299.52
