"Data";"Hora (UTC)";"Temp. Ins. (C)";"Temp. Max. (C)";"Temp. Min. (C)";"Umi. Ins. (%)";"Umi. Max. (%)";"Umi. Min. (%)";"Pto Orvalho Ins. (C)";"Pto Orvalho Max. (C)";"Pto Orvalho Min. (C)";"Pressao Ins. (hPa)";"Pressao Max. (hPa)";"Pressao Min. (hPa)";"Vel. Vento (m/s)";"Dir. Vento (m/s)";"Raj. Vento (m/s)";"Radiacao (KJ/m²)";"Chuva (mm)"
"01/01/2025";"0000";"25,3";"25,3";"25,1";"78,0";"78,0";"75,0";"21,1";"21,1";"20,3";"1013,3";"1013,3";"1013,0";"2,0";"10,0";"7,4";"";"0,0"
"01/01/2025";"0100";"24,9";"25,3";"24,9";"78,0";"79,0";"78,0";"20,9";"21,2";"20,9";"1013,6";"1013,6";"1013,1";"1,8";"42,0";"4,8";"";"0,0"
"01/01/2025";"0200";"24,9";"25,0";"24,9";"79,0";"79,0";"78,0";"21,0";"21,0";"20,9";"1014,1";"1014,3";"1013,6";"1,3";"16,0";"4,9";"";"0,0"
"01/01/2025";"0300";"24,4";"25,0";"24,2";"85,0";"86,0";"79,0";"21,7";"21,8";"20,9";"1013,6";"1014,1";"1013,6";"0,7";"6,0";"6,0";"";"8,2"
"01/01/2025";"0400";"24,3";"24,4";"24,3";"84,0";"85,0";"83,0";"21,4";"21,8";"21,2";"1012,6";"1013,6";"1012,6";"1,8";"45,0";"4,8";"1,40";"1,0"
"01/01/2025";"0500";"24,4";"24,4";"24,2";"83,0";"84,0";"83,0";"21,3";"21,5";"21,3";"1012,5";"1012,6";"1012,5";"2,0";"21,0";"5,7";"";"0,0"
"01/01/2025";"0600";"24,4";"24,5";"24,4";"82,0";"83,0";"81,0";"21,0";"21,4";"21,0";"1012,1";"1012,5";"1012,1";"1,9";"360,0";"5,2";"";"0,0"
"01/01/2025";"0700";"24,3";"24,5";"24,3";"84,0";"84,0";"81,0";"21,4";"21,4";"21,0";"1011,7";"1012,1";"1011,6";"2,1";"345,0";"5,2";"";"0,0"
"01/01/2025";"0800";"23,5";"24,4";"23,5";"85,0";"85,0";"83,0";"20,9";"21,4";"20,9";"1012,2";"1012,2";"1011,6";"0,6";"314,0";"4,7";"";"0,0"
"01/01/2025";"0900";"23,7";"23,7";"23,4";"87,0";"88,0";"85,0";"21,5";"21,5";"20,9";"1012,6";"1012,6";"1012,2";"0,9";"304,0";"1,9";"41,00";"0,0"
"01/01/2025";"1000";"24,2";"24,3";"23,7";"84,0";"88,0";"84,0";"21,4";"21,5";"21,1";"1013,2";"1013,2";"1012,6";"1,4";"297,0";"2,9";"258,30";"0,0"
"01/01/2025";"1100";"24,6";"24,6";"24,1";"79,0";"84,0";"79,0";"20,6";"21,2";"20,6";"1013,2";"1013,5";"1013,1";"1,9";"350,0";"4,3";"436,50";"0,0"
"01/01/2025";"1200";"26,2";"26,2";"24,6";"73,0";"79,0";"72,0";"21,0";"21,3";"20,4";"1013,4";"1013,5";"1013,2";"2,0";"340,0";"5,0";"1284,30";"0,0"
"01/01/2025";"1300";"27,9";"28,0";"26,1";"65,0";"73,0";"62,0";"20,7";"21,1";"18,9";"1013,2";"1013,4";"1013,2";"2,1";"23,0";"7,2";"3023,10";"0,0"
"01/01/2025";"1400";"28,3";"28,3";"27,4";"62,0";"67,0";"62,0";"20,4";"21,3";"19,7";"1012,9";"1013,3";"1012,8";"2,1";"20,0";"6,6";"3114,70";"0,0"
"01/01/2025";"1500";"28,5";"28,8";"27,7";"65,0";"67,0";"60,0";"21,3";"21,8";"19,8";"1011,9";"1012,9";"1011,9";"2,9";"23,0";"8,0";"3658,00";"0,0"
"01/01/2025";"1600";"28,5";"28,9";"28,2";"64,0";"69,0";"63,0";"20,9";"22,2";"20,8";"1011,3";"1012,0";"1011,3";"3,9";"40,0";"8,6";"3749,70";"0,0"
"01/01/2025";"1700";"28,4";"28,9";"28,2";"65,0";"67,0";"61,0";"21,1";"21,8";"20,2";"1010,2";"1011,3";"1010,2";"4,1";"36,0";"9,2";"3628,40";"0,0"
"01/01/2025";"1800";"27,3";"28,7";"27,3";"70,0";"70,0";"63,0";"21,2";"21,8";"20,6";"1010,0";"1010,2";"1009,9";"3,2";"22,0";"8,7";"2705,40";"0,0"
"01/01/2025";"1900";"27,0";"27,5";"27,0";"72,0";"72,0";"69,0";"21,5";"21,7";"21,1";"1009,6";"1010,1";"1009,6";"3,3";"35,0";"9,2";"1639,40";"0,0"
"01/01/2025";"2000";"26,1";"27,0";"26,1";"74,0";"74,0";"72,0";"21,0";"21,5";"20,8";"1009,9";"1010,0";"1009,4";"2,8";"11,0";"8,6";"633,20";"0,0"
"01/01/2025";"2100";"25,8";"26,1";"25,7";"74,0";"74,0";"72,0";"20,8";"21,1";"20,4";"1010,4";"1010,4";"1009,9";"2,6";"25,0";"8,5";"250,20";"0,0"
"01/01/2025";"2200";"25,7";"25,9";"25,6";"76,0";"76,0";"74,0";"21,1";"21,3";"20,9";"1011,0";"1011,0";"1010,3";"2,8";"39,0";"6,8";"66,50";"0,0"
"01/01/2025";"2300";"25,6";"25,7";"25,6";"77,0";"77,0";"76,0";"21,4";"21,4";"21,0";"1011,9";"1012,0";"1010,9";"2,5";"17,0";"7,9";"0,20";"0,0"
"02/01/2025";"0000";"25,6";"25,6";"25,5";"76,0";"77,0";"76,0";"21,0";"21,4";"21,0";"1013,2";"1013,2";"1011,8";"2,7";"339,0";"8,2";"";"0,0"
"02/01/2025";"0100";"24,9";"25,6";"24,9";"81,0";"81,0";"76,0";"21,4";"21,5";"20,7";"1013,2";"1013,4";"1012,9";"1,5";"32,0";"5,9";"";"1,2"
"02/01/2025";"0200";"23,0";"24,9";"22,8";"87,0";"87,0";"81,0";"20,8";"22,0";"20,5";"1013,1";"1013,8";"1013,1";"1,6";"149,0";"7,5";"";"1,0"
"02/01/2025";"0300";"23,0";"23,3";"23,0";"87,0";"87,0";"85,0";"20,8";"21,0";"20,3";"1012,7";"1013,1";"1012,5";"1,2";"284,0";"4,8";"";"0,0"
"02/01/2025";"0400";"22,9";"23,0";"22,5";"90,0";"90,0";"87,0";"21,2";"21,2";"20,6";"1011,4";"1012,7";"1011,4";"1,3";"315,0";"3,1";"";"0,0"
"02/01/2025";"0500";"23,7";"23,9";"22,9";"89,0";"90,0";"89,0";"21,8";"22,0";"21,2";"1010,3";"1011,4";"1010,3";"1,9";"326,0";"5,5";"";"0,0"
"02/01/2025";"0600";"24,0";"24,0";"23,6";"88,0";"89,0";"88,0";"21,9";"21,9";"21,7";"1009,1";"1010,3";"1009,0";"1,3";"334,0";"4,6";"";"0,0"
"02/01/2025";"0700";"23,7";"24,0";"23,7";"88,0";"89,0";"88,0";"21,6";"22,1";"21,6";"1008,8";"1009,1";"1008,7";"1,8";"329,0";"4,7";"";"0,2"
"02/01/2025";"0800";"23,5";"23,7";"23,5";"86,0";"88,0";"86,0";"21,1";"21,6";"21,1";"1008,6";"1008,8";"1008,5";"2,0";"334,0";"4,3";"";"0,0"
"02/01/2025";"0900";"23,4";"23,5";"23,3";"88,0";"88,0";"86,0";"21,3";"21,3";"21,0";"1009,2";"1009,2";"1008,6";"1,8";"295,0";"3,9";"36,50";"0,0"
"02/01/2025";"1000";"24,8";"24,9";"23,4";"79,0";"88,0";"79,0";"21,0";"21,3";"20,9";"1009,6";"1009,6";"1009,3";"2,3";"301,0";"5,0";"464,50";"0,0"
"02/01/2025";"1100";"25,3";"25,4";"24,7";"78,0";"81,0";"78,0";"21,3";"21,5";"21,0";"1010,0";"1010,1";"1009,5";"0,9";"319,0";"4,5";"496,90";"0,0"
"02/01/2025";"1200";"26,0";"26,0";"25,3";"75,0";"79,0";"74,0";"21,2";"21,4";"20,7";"1010,2";"1010,2";"1010,0";"1,9";"329,0";"4,3";"853,10";"0,0"
"02/01/2025";"1300";"26,3";"26,3";"25,9";"77,0";"77,0";"74,0";"21,9";"21,9";"21,0";"1010,4";"1010,6";"1010,2";"0,3";"277,0";"4,2";"596,30";"0,0"
"02/01/2025";"1400";"25,1";"26,4";"25,1";"82,0";"82,0";"74,0";"21,8";"22,4";"20,7";"1011,0";"1011,0";"1010,4";"3,7";"153,0";"7,7";"276,10";"0,0"
"02/01/2025";"1500";"24,7";"25,0";"23,9";"81,0";"84,0";"81,0";"21,2";"21,8";"20,5";"1010,7";"1011,0";"1010,5";"1,5";"167,0";"9,6";"465,20";"0,0"
"02/01/2025";"1600";"25,9";"25,9";"24,6";"77,0";"84,0";"77,0";"21,5";"22,5";"20,9";"1008,6";"1010,7";"1008,6";"2,1";"122,0";"5,1";"1783,30";"0,8"
"02/01/2025";"1700";"27,2";"27,5";"25,7";"65,0";"76,0";"64,0";"20,0";"21,3";"19,9";"1007,2";"1008,6";"1007,2";"2,3";"21,0";"5,6";"3352,90";"0,0"
"02/01/2025";"1800";"28,4";"28,4";"27,2";"62,0";"67,0";"59,0";"20,3";"21,1";"19,3";"1006,2";"1007,2";"1006,2";"2,6";"31,0";"6,1";"3599,30";"0,0"
"02/01/2025";"1900";"27,4";"28,7";"27,2";"66,0";"67,0";"60,0";"20,5";"21,4";"19,9";"1005,9";"1006,2";"1005,8";"2,6";"19,0";"7,1";"2463,60";"0,0"
"02/01/2025";"2000";"26,7";"27,4";"26,7";"72,0";"72,0";"65,0";"21,2";"21,2";"20,0";"1006,1";"1006,1";"1005,5";"2,6";"23,0";"7,3";"1083,50";"0,0"
"02/01/2025";"2100";"26,0";"26,8";"25,9";"77,0";"77,0";"71,0";"21,7";"21,7";"21,0";"1006,3";"1006,3";"1005,8";"2,5";"22,0";"8,9";"252,50";"0,0"
"02/01/2025";"2200";"25,7";"26,0";"25,7";"84,0";"84,0";"77,0";"22,7";"22,7";"21,6";"1006,9";"1007,0";"1006,2";"2,5";"17,0";"7,2";"25,50";"0,0"
"02/01/2025";"2300";"25,7";"25,7";"25,6";"85,0";"85,0";"84,0";"22,9";"23,0";"22,7";"1007,6";"1007,6";"1006,9";"1,5";"20,0";"7,3";"4,60";"0,0"
"03/01/2025";"0000";"25,3";"25,7";"25,3";"84,0";"85,0";"83,0";"22,5";"22,9";"22,4";"1007,6";"1007,8";"1007,4";"0,4";"313,0";"5,2";"";"0,0"
"03/01/2025";"0100";"25,7";"25,9";"25,2";"84,0";"85,0";"84,0";"22,7";"23,0";"22,5";"1008,2";"1008,2";"1007,6";"1,4";"10,0";"4,0";"";"0,0"
"03/01/2025";"0200";"24,9";"25,7";"24,9";"87,0";"87,0";"84,0";"22,5";"22,7";"22,4";"1007,6";"1008,2";"1007,6";"2,1";"298,0";"4,0";"";"0,0"
"03/01/2025";"0300";"24,2";"24,9";"24,2";"88,0";"88,0";"87,0";"22,0";"22,5";"22,0";"1006,1";"1007,6";"1006,1";"0,6";"292,0";"5,0";"";"0,0"
"03/01/2025";"0400";"23,8";"24,2";"23,8";"88,0";"89,0";"88,0";"21,8";"22,1";"21,7";"1005,0";"1006,1";"1005,0";"0,0";"4,0";"2,3";"";"0,0"
"03/01/2025";"0500";"23,1";"23,8";"23,1";"90,0";"90,0";"88,0";"21,4";"21,8";"21,4";"1005,1";"1005,1";"1004,8";"0,2";"340,0";"1,3";"";"0,0"
"03/01/2025";"0600";"23,2";"23,6";"23,1";"90,0";"91,0";"90,0";"21,5";"22,0";"21,4";"1004,6";"1005,1";"1004,6";"0,9";"317,0";"2,8";"";"0,0"
"03/01/2025";"0700";"22,4";"23,6";"22,4";"89,0";"91,0";"88,0";"20,5";"21,8";"20,5";"1004,2";"1004,6";"1004,0";"0,2";"342,0";"3,8";"";"0,0"
"03/01/2025";"0800";"22,3";"23,0";"22,1";"89,0";"90,0";"87,0";"20,4";"21,1";"20,2";"1004,2";"1004,4";"1004,2";"0,5";"273,0";"3,6";"";"0,0"
"03/01/2025";"0900";"21,6";"22,3";"21,6";"90,0";"90,0";"89,0";"20,0";"20,3";"19,9";"1004,4";"1004,5";"1004,2";"0,3";"283,0";"1,9";"19,80";"0,0"
"03/01/2025";"1000";"24,2";"24,2";"21,6";"77,0";"91,0";"77,0";"20,0";"21,1";"19,7";"1005,1";"1005,1";"1004,4";"0,3";"17,0";"2,0";"516,20";"0,0"
"03/01/2025";"1100";"25,9";"26,2";"24,2";"74,0";"80,0";"73,0";"20,9";"21,5";"20,2";"1005,6";"1005,6";"1005,1";"1,2";"20,0";"3,4";"1355,70";"0,0"
"03/01/2025";"1200";"27,7";"27,7";"25,8";"66,0";"74,0";"66,0";"20,9";"21,3";"20,4";"1005,5";"1005,7";"1005,5";"2,8";"1,0";"5,2";"2183,10";"0,0"
"03/01/2025";"1300";"32,2";"32,2";"27,7";"45,0";"67,0";"45,0";"18,8";"21,8";"18,8";"1005,1";"1005,5";"1005,1";"2,6";"303,0";"5,9";"2892,70";"0,0"
"03/01/2025";"1400";"33,2";"33,4";"32,1";"45,0";"51,0";"40,0";"19,5";"21,6";"18,0";"1004,9";"1005,2";"1004,9";"1,2";"29,0";"5,9";"3381,90";"0,0"
"03/01/2025";"1500";"33,4";"34,5";"33,1";"48,0";"52,0";"44,0";"21,0";"22,9";"19,4";"1004,4";"1004,9";"1004,4";"3,2";"126,0";"5,5";"3695,80";"0,0"
"03/01/2025";"1600";"30,4";"34,2";"30,4";"57,0";"57,0";"43,0";"20,9";"21,8";"19,4";"1004,8";"1004,8";"1004,2";"3,9";"165,0";"10,3";"3757,70";"0,0"
"03/01/2025";"1700";"28,4";"30,3";"28,1";"67,0";"68,0";"57,0";"21,6";"22,3";"20,9";"1005,2";"1005,3";"1004,8";"4,4";"155,0";"10,6";"3658,90";"0,0"
"03/01/2025";"1800";"28,3";"28,6";"28,2";"67,0";"68,0";"65,0";"21,5";"22,0";"21,1";"1004,8";"1005,3";"1004,8";"3,7";"152,0";"9,7";"3337,00";"0,0"
"03/01/2025";"1900";"26,8";"28,4";"26,8";"73,0";"73,0";"66,0";"21,5";"21,8";"21,1";"1004,9";"1005,3";"1004,8";"4,9";"145,0";"12,7";"2907,60";"0,0"
"03/01/2025";"2000";"26,6";"27,1";"26,3";"75,0";"76,0";"73,0";"21,7";"22,2";"21,4";"1004,6";"1004,9";"1004,5";"4,3";"146,0";"11,0";"2135,70";"0,0"
"03/01/2025";"2100";"26,2";"26,8";"26,2";"74,0";"76,0";"70,0";"21,3";"22,0";"20,8";"1004,8";"1005,0";"1004,6";"3,7";"147,0";"9,3";"1301,50";"0,0"
"03/01/2025";"2200";"25,2";"26,3";"25,2";"82,0";"82,0";"73,0";"21,9";"21,9";"21,0";"1005,2";"1005,2";"1004,6";"3,8";"149,0";"9,5";"316,00";"0,0"
"03/01/2025";"2300";"24,4";"25,2";"24,4";"82,0";"83,0";"81,0";"21,0";"21,9";"20,9";"1005,6";"1005,6";"1005,1";"4,2";"151,0";"9,7";"7,40";"0,0"
"04/01/2025";"0000";"24,4";"24,6";"24,2";"80,0";"82,0";"80,0";"20,8";"21,3";"20,6";"1006,9";"1006,9";"1005,6";"4,3";"139,0";"9,5";"";"0,0"
"04/01/2025";"0100";"24,4";"24,5";"24,2";"78,0";"81,0";"77,0";"20,3";"20,9";"20,1";"1008,2";"1008,2";"1006,9";"4,3";"139,0";"8,9";"";"0,0"
"04/01/2025";"0200";"24,2";"24,4";"24,1";"76,0";"79,0";"76,0";"19,8";"20,5";"19,8";"1008,7";"1008,8";"1008,2";"2,8";"147,0";"8,0";"";"0,0"
"04/01/2025";"0300";"24,1";"24,2";"24,0";"75,0";"76,0";"75,0";"19,5";"19,7";"19,3";"1008,7";"1008,9";"1008,7";"2,2";"148,0";"6,5";"";"0,0"
"04/01/2025";"0400";"24,0";"24,1";"24,0";"75,0";"76,0";"75,0";"19,3";"19,5";"19,2";"1008,3";"1008,7";"1008,3";"1,5";"153,0";"4,8";"";"0,0"
"04/01/2025";"0500";"23,9";"24,0";"23,8";"77,0";"77,0";"75,0";"19,6";"19,6";"19,2";"1007,5";"1008,3";"1007,5";"1,5";"152,0";"3,7";"";"0,0"
"04/01/2025";"0600";"23,7";"23,9";"23,7";"77,0";"78,0";"77,0";"19,4";"19,7";"19,4";"1007,6";"1007,7";"1007,5";"1,5";"156,0";"3,8";"";"0,0"
"04/01/2025";"0700";"23,6";"23,7";"23,5";"78,0";"79,0";"77,0";"19,6";"19,8";"19,4";"1007,6";"1007,7";"1007,5";"1,7";"149,0";"4,9";"";"0,0"
"04/01/2025";"0800";"23,3";"23,6";"23,3";"79,0";"79,0";"77,0";"19,3";"19,6";"19,1";"1007,9";"1007,9";"1007,6";"1,4";"167,0";"4,7";"";"0,0"
"04/01/2025";"0900";"23,3";"23,3";"23,1";"80,0";"80,0";"79,0";"19,7";"19,7";"19,3";"1008,2";"1008,3";"1007,9";"0,6";"168,0";"3,6";"27,20";"0,0"
"04/01/2025";"1000";"24,6";"24,7";"23,3";"74,0";"80,0";"74,0";"19,7";"20,1";"19,4";"1008,5";"1008,5";"1008,0";"0,7";"251,0";"2,9";"494,10";"0,0"
"04/01/2025";"1100";"25,6";"25,9";"24,4";"71,0";"74,0";"68,0";"19,8";"20,0";"19,1";"1008,8";"1008,8";"1008,5";"1,4";"152,0";"3,0";"1312,40";"0,0"
"04/01/2025";"1200";"26,3";"26,3";"25,6";"70,0";"72,0";"66,0";"20,4";"20,7";"19,0";"1008,9";"1008,9";"1008,8";"1,6";"135,0";"3,4";"1944,10";"0,0"
"04/01/2025";"1300";"26,6";"26,7";"26,2";"70,0";"73,0";"68,0";"20,6";"21,1";"20,1";"1008,6";"1008,9";"1008,6";"2,1";"158,0";"3,8";"2861,00";"0,0"
"04/01/2025";"1400";"27,1";"27,4";"26,5";"69,0";"71,0";"67,0";"21,0";"21,5";"19,9";"1008,2";"1008,6";"1008,2";"2,6";"159,0";"5,1";"3377,30";"0,0"
"04/01/2025";"1500";"27,9";"28,0";"27,1";"67,0";"70,0";"66,0";"21,3";"21,8";"20,8";"1007,6";"1008,2";"1007,6";"2,6";"148,0";"5,8";"3689,10";"0,0"
"04/01/2025";"1600";"28,9";"29,0";"27,7";"61,0";"67,0";"59,0";"20,7";"21,5";"20,1";"1007,4";"1007,6";"1007,4";"3,3";"127,0";"7,0";"3932,60";"0,0"
"04/01/2025";"1700";"28,5";"29,2";"28,5";"55,0";"63,0";"53,0";"18,7";"20,9";"18,2";"1007,5";"1007,5";"1007,3";"4,1";"128,0";"7,2";"3765,70";"0,0"
"04/01/2025";"1800";"28,2";"28,9";"28,1";"58,0";"59,0";"50,0";"19,1";"19,7";"17,0";"1007,8";"1007,8";"1007,5";"3,5";"141,0";"8,1";"3216,00";"0,0"
"04/01/2025";"1900";"26,7";"28,2";"26,6";"57,0";"61,0";"53,0";"17,6";"19,4";"16,6";"1008,0";"1008,0";"1007,7";"3,8";"147,0";"8,8";"1528,00";"0,0"
"04/01/2025";"2000";"25,6";"26,7";"25,5";"63,0";"64,0";"52,0";"17,9";"18,3";"15,9";"1008,2";"1008,3";"1008,0";"5,1";"140,0";"9,6";"898,30";"0,0"
"04/01/2025";"2100";"25,0";"25,6";"24,9";"70,0";"70,0";"63,0";"19,1";"19,1";"17,9";"1008,3";"1008,4";"1008,2";"3,8";"152,0";"9,5";"332,50";"0,0"
"04/01/2025";"2200";"24,3";"25,1";"24,3";"72,0";"74,0";"68,0";"19,0";"19,8";"18,1";"1008,8";"1008,8";"1008,3";"3,8";"154,0";"9,1";"191,70";"0,0"
"04/01/2025";"2300";"23,9";"24,3";"23,9";"74,0";"75,0";"70,0";"18,9";"19,3";"18,3";"1009,2";"1009,2";"1008,8";"3,5";"151,0";"8,4";"7,60";"0,0"
"05/01/2025";"0000";"23,7";"24,1";"23,6";"76,0";"77,0";"74,0";"19,1";"19,6";"18,7";"1010,0";"1010,0";"1009,2";"3,4";"146,0";"8,6";"";"0,0"
"05/01/2025";"0100";"23,4";"23,7";"23,3";"73,0";"76,0";"73,0";"18,2";"19,2";"18,2";"1011,0";"1011,0";"1010,0";"3,1";"149,0";"6,9";"";"0,0"
"05/01/2025";"0200";"23,4";"23,5";"23,3";"73,0";"75,0";"71,0";"18,3";"18,8";"17,7";"1011,2";"1011,4";"1011,0";"3,2";"136,0";"6,8";"";"0,0"
"05/01/2025";"0300";"23,2";"23,4";"23,1";"73,0";"74,0";"71,0";"18,1";"18,3";"17,5";"1010,9";"1011,3";"1010,9";"1,9";"131,0";"5,8";"";"0,0"
"05/01/2025";"0400";"22,6";"23,2";"22,6";"74,0";"74,0";"71,0";"17,8";"18,1";"17,2";"1010,2";"1010,9";"1010,2";"0,5";"178,0";"4,5";"";"0,0"
"05/01/2025";"0500";"21,4";"22,6";"21,4";"82,0";"82,0";"74,0";"18,1";"18,2";"17,8";"1009,9";"1010,2";"1009,9";"1,9";"263,0";"3,3";"";"0,0"
"05/01/2025";"0600";"21,1";"21,4";"21,0";"83,0";"84,0";"82,0";"18,1";"18,2";"18,0";"1009,6";"1009,9";"1009,6";"0,4";"299,0";"3,3";"";"0,0"
"05/01/2025";"0700";"20,9";"21,1";"20,8";"85,0";"85,0";"83,0";"18,1";"18,2";"18,1";"1009,7";"1009,7";"1009,5";"0,0";"4,0";"2,0";"";"0,0"
"05/01/2025";"0800";"20,4";"20,9";"20,2";"87,0";"87,0";"84,0";"18,1";"18,2";"17,8";"1010,2";"1010,2";"1009,6";"1,1";"280,0";"2,2";"";"0,0"
"05/01/2025";"0900";"20,2";"20,4";"20,2";"86,0";"87,0";"86,0";"17,9";"18,0";"17,8";"1011,0";"1011,3";"1010,2";"0,5";"325,0";"2,5";"20,00";"0,0"
"05/01/2025";"1000";"21,9";"21,9";"20,2";"77,0";"86,0";"77,0";"17,6";"18,2";"17,5";"1011,8";"1011,8";"1010,9";"0,3";"235,0";"2,1";"400,00";"0,0"
"05/01/2025";"1100";"24,0";"24,0";"21,9";"66,0";"77,0";"65,0";"17,3";"18,0";"16,7";"1011,7";"1011,9";"1011,6";"0,7";"151,0";"2,1";"1291,60";"0,0"
"05/01/2025";"1200";"24,9";"24,9";"23,8";"64,0";"67,0";"62,0";"17,6";"17,8";"16,8";"1012,0";"1012,1";"1011,7";"0,8";"161,0";"2,3";"2135,60";"0,0"
"05/01/2025";"1300";"25,7";"25,9";"24,6";"62,0";"64,0";"59,0";"17,9";"17,9";"16,4";"1011,9";"1012,0";"1011,9";"1,9";"147,0";"3,5";"3013,80";"0,0"
"05/01/2025";"1400";"25,7";"26,5";"25,4";"64,0";"65,0";"60,0";"18,3";"19,0";"17,4";"1011,4";"1011,9";"1011,4";"2,9";"135,0";"5,3";"2706,80";"0,0"
"05/01/2025";"1500";"27,2";"27,6";"25,4";"61,0";"67,0";"59,0";"19,1";"19,3";"18,0";"1011,3";"1011,6";"1011,3";"2,7";"130,0";"6,3";"2763,30";"0,0"
"05/01/2025";"1600";"27,2";"27,6";"26,2";"61,0";"66,0";"59,0";"19,0";"19,9";"18,2";"1010,6";"1011,3";"1010,6";"3,4";"129,0";"7,0";"3544,70";"0,0"
"05/01/2025";"1700";"25,6";"27,2";"25,5";"69,0";"69,0";"61,0";"19,4";"20,1";"18,5";"1010,6";"1010,7";"1010,5";"3,0";"147,0";"7,4";"2077,10";"0,0"
"05/01/2025";"1800";"25,7";"26,6";"25,6";"66,0";"70,0";"63,0";"19,0";"20,1";"18,7";"1010,6";"1010,6";"1010,3";"3,5";"126,0";"7,4";"2306,00";"0,0"
"05/01/2025";"1900";"25,1";"25,8";"25,0";"70,0";"70,0";"66,0";"19,3";"19,3";"18,5";"1010,4";"1010,6";"1010,2";"2,2";"149,0";"7,2";"1135,70";"0,0"
"05/01/2025";"2000";"24,3";"25,1";"24,2";"69,0";"72,0";"69,0";"18,3";"19,1";"18,3";"1010,2";"1010,5";"1010,1";"2,7";"146,0";"5,6";"545,30";"0,0"
"05/01/2025";"2100";"24,2";"24,4";"24,0";"69,0";"70,0";"66,0";"18,2";"18,4";"17,2";"1010,7";"1010,7";"1010,2";"2,8";"152,0";"6,4";"184,40";"0,0"
"05/01/2025";"2200";"23,8";"24,2";"23,7";"73,0";"73,0";"68,0";"18,6";"18,7";"17,6";"1011,0";"1011,0";"1010,7";"3,6";"152,0";"7,2";"101,00";"0,0"
"05/01/2025";"2300";"23,4";"23,9";"23,4";"75,0";"76,0";"72,0";"18,8";"19,0";"18,5";"1011,2";"1011,3";"1010,9";"3,3";"156,0";"7,5";"2,40";"0,0"
"06/01/2025";"0000";"22,8";"23,5";"22,8";"79,0";"79,0";"75,0";"19,0";"19,0";"18,6";"1011,8";"1011,9";"1011,2";"3,0";"156,0";"7,5";"";"0,0"
"06/01/2025";"0100";"22,5";"22,8";"22,1";"81,0";"82,0";"79,0";"19,2";"19,2";"18,7";"1012,2";"1012,2";"1011,8";"2,0";"147,0";"6,3";"";"0,2"
"06/01/2025";"0200";"22,4";"22,8";"22,4";"79,0";"81,0";"78,0";"18,6";"19,2";"18,4";"1012,3";"1012,3";"1012,1";"0,9";"215,0";"4,5";"";"0,2"
"06/01/2025";"0300";"22,0";"22,5";"22,0";"81,0";"81,0";"78,0";"18,6";"18,6";"18,3";"1012,0";"1012,4";"1012,0";"1,2";"272,0";"3,0";"";"0,0"
"06/01/2025";"0400";"21,5";"22,0";"21,5";"83,0";"83,0";"81,0";"18,5";"18,7";"18,5";"1011,2";"1012,0";"1011,2";"0,7";"265,0";"3,2";"";"0,0"
"06/01/2025";"0500";"21,6";"21,7";"21,5";"82,0";"83,0";"82,0";"18,4";"18,5";"18,3";"1010,9";"1011,2";"1010,9";"0,6";"271,0";"2,8";"";"0,0"
"06/01/2025";"0600";"21,6";"21,8";"21,6";"82,0";"82,0";"81,0";"18,5";"18,5";"18,2";"1010,5";"1010,9";"1010,5";"0,5";"289,0";"2,4";"";"0,0"
"06/01/2025";"0700";"21,2";"21,6";"21,2";"83,0";"83,0";"82,0";"18,3";"18,4";"18,2";"1010,5";"1010,6";"1010,4";"0,2";"292,0";"2,4";"";"0,0"
"06/01/2025";"0800";"21,0";"21,3";"21,0";"83,0";"84,0";"83,0";"18,0";"18,4";"18,0";"1011,1";"1011,1";"1010,5";"0,9";"272,0";"2,4";"";"0,0"
"06/01/2025";"0900";"21,1";"21,1";"21,0";"83,0";"84,0";"83,0";"18,1";"18,2";"18,0";"1011,8";"1011,8";"1011,1";"0,3";"257,0";"2,4";"14,10";"0,0"
"06/01/2025";"1000";"21,9";"21,9";"21,1";"81,0";"83,0";"81,0";"18,5";"18,5";"18,0";"1012,5";"1012,5";"1011,8";"0,8";"246,0";"2,1";"212,10";"0,0"
"06/01/2025";"1100";"23,2";"23,3";"21,9";"69,0";"81,0";"68,0";"17,2";"18,6";"17,0";"1012,6";"1012,6";"1012,3";"0,8";"193,0";"2,3";"886,00";"0,0"
"06/01/2025";"1200";"23,7";"24,3";"23,2";"69,0";"72,0";"66,0";"17,7";"18,5";"17,0";"1012,7";"1012,8";"1012,6";"1,2";"149,0";"3,2";"1639,60";"0,0"
"06/01/2025";"1300";"25,3";"25,3";"23,8";"61,0";"70,0";"59,0";"17,1";"18,2";"16,1";"1012,7";"1012,7";"1012,6";"1,6";"151,0";"4,8";"2173,20";"0,0"
"06/01/2025";"1400";"25,6";"25,8";"24,7";"61,0";"62,0";"57,0";"17,6";"17,6";"16,3";"1012,4";"1012,7";"1012,4";"1,9";"155,0";"3,6";"2098,60";"0,0"
"06/01/2025";"1500";"26,0";"26,3";"25,3";"59,0";"63,0";"57,0";"17,3";"18,0";"16,4";"1012,1";"1012,5";"1012,1";"1,6";"160,0";"3,8";"3051,90";"0,0"
"06/01/2025";"1600";"26,5";"27,0";"25,7";"55,0";"62,0";"52,0";"16,7";"17,9";"16,1";"1011,5";"1012,1";"1011,5";"3,1";"137,0";"5,6";"2907,50";"0,0"
"06/01/2025";"1700";"26,7";"27,4";"26,1";"55,0";"58,0";"52,0";"16,8";"17,7";"16,5";"1011,2";"1011,5";"1011,1";"3,2";"140,0";"6,1";"3336,70";"0,0"
"06/01/2025";"1800";"25,6";"26,7";"25,5";"54,0";"59,0";"53,0";"15,5";"17,0";"15,4";"1010,9";"1011,2";"1010,9";"2,8";"120,0";"6,7";"1013,80";"0,0"
"06/01/2025";"1900";"25,3";"25,8";"24,9";"57,0";"58,0";"52,0";"16,2";"16,5";"14,5";"1010,8";"1011,1";"1010,7";"3,2";"125,0";"6,7";"820,30";"0,0"
"06/01/2025";"2000";"24,7";"25,3";"24,6";"66,0";"66,0";"56,0";"18,0";"18,0";"15,5";"1010,9";"1010,9";"1010,7";"2,8";"129,0";"7,0";"425,10";"0,0"
"06/01/2025";"2100";"24,0";"24,7";"24,0";"69,0";"70,0";"65,0";"17,9";"18,5";"17,4";"1011,0";"1011,1";"1010,7";"3,0";"151,0";"6,9";"348,90";"0,0"
"06/01/2025";"2200";"23,6";"24,0";"23,4";"71,0";"72,0";"65,0";"18,0";"18,4";"16,5";"1011,9";"1011,9";"1011,0";"2,9";"154,0";"6,7";"85,30";"0,0"
"06/01/2025";"2300";"23,0";"23,6";"23,0";"71,0";"74,0";"71,0";"17,4";"18,5";"17,4";"1012,2";"1012,2";"1011,9";"2,3";"159,0";"6,3";"4,00";"0,0"
"07/01/2025";"0000";"23,0";"23,1";"22,8";"73,0";"73,0";"70,0";"17,8";"17,9";"17,2";"1012,7";"1012,7";"1012,2";"1,8";"172,0";"6,7";"";"0,0"
"07/01/2025";"0100";"22,6";"23,1";"22,6";"71,0";"73,0";"70,0";"17,0";"17,9";"16,9";"1013,2";"1013,2";"1012,7";"1,3";"211,0";"4,8";"";"0,0"
"07/01/2025";"0200";"22,3";"22,7";"22,3";"72,0";"73,0";"71,0";"17,1";"17,2";"17,0";"1013,2";"1013,2";"1013,1";"1,2";"244,0";"3,7";"";"0,0"
"07/01/2025";"0300";"21,8";"22,4";"21,8";"77,0";"77,0";"72,0";"17,5";"17,7";"17,1";"1013,1";"1013,2";"1013,0";"1,5";"289,0";"2,8";"";"0,0"
"07/01/2025";"0400";"21,5";"21,8";"21,5";"77,0";"78,0";"77,0";"17,2";"17,6";"17,2";"1012,6";"1013,1";"1012,6";"1,9";"248,0";"3,8";"";"0,0"
"07/01/2025";"0500";"21,4";"21,6";"21,4";"74,0";"77,0";"74,0";"16,5";"17,2";"16,5";"1012,2";"1012,6";"1012,2";"0,9";"297,0";"3,8";"";"0,0"
"07/01/2025";"0600";"21,2";"21,5";"21,2";"74,0";"74,0";"72,0";"16,5";"16,6";"16,1";"1011,8";"1012,2";"1011,7";"1,2";"296,0";"3,3";"";"0,0"
"07/01/2025";"0700";"20,6";"21,2";"20,6";"79,0";"79,0";"74,0";"16,9";"16,9";"16,5";"1011,7";"1011,9";"1011,6";"0,9";"267,0";"3,1";"";"0,0"
"07/01/2025";"0800";"20,2";"20,6";"20,1";"80,0";"81,0";"79,0";"16,6";"17,0";"16,4";"1011,9";"1012,0";"1011,7";"1,0";"269,0";"3,0";"";"0,0"
"07/01/2025";"0900";"19,8";"20,2";"19,8";"81,0";"81,0";"80,0";"16,5";"16,6";"16,4";"1012,1";"1012,1";"1011,9";"0,6";"288,0";"2,7";"17,20";"0,0"
"07/01/2025";"1000";"21,4";"21,4";"19,7";"73,0";"82,0";"73,0";"16,3";"16,7";"16,2";"1012,7";"1012,7";"1012,1";"1,5";"276,0";"3,4";"443,60";"0,0"
"07/01/2025";"1100";"23,3";"23,3";"21,3";"67,0";"73,0";"66,0";"16,7";"16,7";"15,9";"1012,8";"1013,0";"1012,7";"0,7";"144,0";"3,3";"1051,50";"0,0"
"07/01/2025";"1200";"24,4";"24,5";"23,2";"52,0";"66,0";"52,0";"13,8";"16,6";"13,8";"1013,1";"1013,3";"1012,8";"1,0";"164,0";"2,7";"1662,30";"0,0"
"07/01/2025";"1300";"25,2";"25,2";"24,3";"60,0";"60,0";"51,0";"16,8";"16,8";"13,7";"1013,1";"1013,4";"1013,1";"1,3";"189,0";"2,7";"1763,40";"0,0"
"07/01/2025";"1400";"25,9";"26,4";"25,1";"58,0";"63,0";"57,0";"17,0";"18,6";"16,2";"1013,1";"1013,2";"1013,0";"1,5";"143,0";"3,8";"2721,70";"0,0"
"07/01/2025";"1500";"26,7";"26,7";"25,7";"62,0";"64,0";"58,0";"18,7";"18,9";"17,0";"1013,0";"1013,2";"1013,0";"1,7";"155,0";"3,4";"2811,80";"0,0"
"07/01/2025";"1600";"26,1";"26,7";"25,9";"60,0";"66,0";"59,0";"17,6";"19,3";"17,3";"1013,0";"1013,1";"1013,0";"2,7";"128,0";"6,8";"1871,40";"0,0"
"07/01/2025";"1700";"27,0";"27,0";"26,0";"61,0";"62,0";"58,0";"18,8";"18,9";"17,6";"1012,9";"1013,1";"1012,9";"3,4";"125,0";"6,8";"2683,20";"0,0"
"07/01/2025";"1800";"26,3";"27,0";"26,3";"61,0";"61,0";"57,0";"18,2";"18,8";"17,6";"1012,4";"1012,9";"1012,4";"3,6";"132,0";"7,1";"2665,30";"0,0"
"07/01/2025";"1900";"26,1";"26,7";"25,7";"60,0";"63,0";"58,0";"17,6";"18,6";"17,4";"1012,0";"1012,5";"1012,0";"3,0";"128,0";"6,7";"1503,00";"0,0"
"07/01/2025";"2000";"25,3";"26,1";"25,3";"62,0";"63,0";"59,0";"17,6";"18,1";"17,1";"1011,9";"1012,0";"1011,7";"3,7";"133,0";"6,7";"844,30";"0,0"
"07/01/2025";"2100";"25,2";"25,7";"25,1";"63,0";"63,0";"60,0";"17,5";"17,9";"16,8";"1012,1";"1012,1";"1011,9";"3,0";"133,0";"6,3";"544,30";"0,0"
"07/01/2025";"2200";"24,5";"25,2";"24,5";"65,0";"66,0";"61,0";"17,6";"18,0";"16,8";"1012,4";"1012,4";"1012,1";"2,8";"123,0";"6,7";"88,30";"0,0"
"07/01/2025";"2300";"24,1";"24,5";"24,1";"68,0";"69,0";"66,0";"17,9";"18,3";"17,7";"1013,0";"1013,0";"1012,4";"2,4";"132,0";"5,9";"7,20";"0,0"
"08/01/2025";"0000";"24,0";"24,2";"24,0";"68,0";"70,0";"68,0";"17,8";"18,2";"17,7";"1013,4";"1013,4";"1013,0";"1,2";"143,0";"3,8";"";"0,0"
"08/01/2025";"0100";"23,9";"24,1";"23,8";"71,0";"72,0";"68,0";"18,3";"18,5";"17,9";"1013,5";"1013,5";"1013,4";"1,7";"151,0";"4,0";"";"0,0"
"08/01/2025";"0200";"23,7";"23,9";"23,7";"72,0";"72,0";"71,0";"18,4";"18,4";"18,2";"1013,9";"1013,9";"1013,5";"1,0";"159,0";"4,0";"";"0,0"
"08/01/2025";"0300";"23,6";"23,7";"23,5";"73,0";"73,0";"72,0";"18,4";"18,5";"18,2";"1013,7";"1013,9";"1013,7";"0,7";"163,0";"3,7";"";"0,0"
"08/01/2025";"0400";"22,4";"23,6";"22,4";"74,0";"74,0";"69,0";"17,5";"18,4";"16,7";"1013,1";"1013,7";"1013,1";"0,7";"275,0";"2,4";"";"0,0"
"08/01/2025";"0500";"22,0";"22,4";"21,9";"76,0";"76,0";"74,0";"17,6";"17,7";"17,3";"1012,4";"1013,1";"1012,4";"0,6";"282,0";"3,6";"";"0,0"
"08/01/2025";"0600";"21,5";"22,0";"21,5";"78,0";"78,0";"76,0";"17,6";"17,6";"17,3";"1012,3";"1012,5";"1012,1";"0,9";"266,0";"2,8";"";"0,0"
"08/01/2025";"0700";"20,8";"21,5";"20,8";"78,0";"80,0";"78,0";"16,7";"17,7";"16,7";"1012,3";"1012,4";"1012,1";"1,0";"194,0";"2,7";"";"0,0"
"08/01/2025";"0800";"20,5";"20,8";"20,4";"79,0";"79,0";"77,0";"16,7";"16,7";"16,4";"1012,5";"1012,7";"1012,3";"0,3";"266,0";"3,4";"";"0,0"
"08/01/2025";"0900";"20,7";"20,8";"20,5";"80,0";"80,0";"78,0";"17,1";"17,1";"16,6";"1013,1";"1013,2";"1012,5";"1,1";"267,0";"2,7";"18,20";"0,0"
"08/01/2025";"1000";"21,9";"21,9";"20,7";"73,0";"81,0";"72,0";"16,7";"17,4";"16,6";"1013,7";"1013,7";"1013,1";"1,4";"228,0";"3,1";"329,10";"0,0"
"08/01/2025";"1100";"23,0";"23,0";"21,7";"74,0";"75,0";"72,0";"18,2";"18,2";"16,6";"1014,2";"1014,2";"1013,7";"1,5";"205,0";"3,7";"644,20";"0,0"
"08/01/2025";"1200";"23,3";"23,4";"22,6";"83,0";"83,0";"73,0";"20,2";"20,2";"17,7";"1014,5";"1014,5";"1014,2";"1,5";"188,0";"4,8";"838,40";"0,0"
"08/01/2025";"1300";"23,0";"24,0";"23,0";"84,0";"84,0";"79,0";"20,2";"20,7";"19,5";"1014,6";"1014,6";"1014,4";"1,8";"166,0";"4,6";"805,30";"0,4"
"08/01/2025";"1400";"23,8";"24,5";"23,0";"77,0";"85,0";"77,0";"19,5";"21,1";"19,5";"1014,5";"1014,6";"1014,5";"1,5";"166,0";"3,7";"1552,20";"0,0"
"08/01/2025";"1500";"23,6";"24,7";"23,6";"80,0";"80,0";"74,0";"19,9";"20,5";"19,3";"1014,3";"1014,5";"1014,3";"2,1";"142,0";"5,4";"1086,10";"2,8"
"08/01/2025";"1600";"24,5";"24,5";"23,6";"71,0";"82,0";"71,0";"19,0";"20,8";"18,9";"1013,8";"1014,3";"1013,8";"2,6";"77,0";"6,3";"841,90";"0,4"
"08/01/2025";"1700";"24,8";"25,1";"24,5";"70,0";"72,0";"66,0";"19,0";"19,3";"18,2";"1013,5";"1013,8";"1013,5";"1,4";"42,0";"6,5";"1106,60";"0,0"
"08/01/2025";"1800";"24,8";"24,9";"24,4";"67,0";"71,0";"65,0";"18,2";"19,1";"17,8";"1012,9";"1013,5";"1012,9";"1,9";"126,0";"5,9";"595,50";"0,0"
"08/01/2025";"1900";"24,2";"25,1";"24,2";"77,0";"78,0";"66,0";"20,0";"20,2";"18,2";"1012,3";"1012,9";"1012,2";"2,1";"152,0";"5,2";"429,50";"0,0"
"08/01/2025";"2000";"24,6";"24,8";"24,1";"70,0";"78,0";"68,0";"18,8";"20,1";"18,2";"1012,1";"1012,3";"1012,0";"1,4";"86,0";"4,9";"307,50";"0,2"
"08/01/2025";"2100";"24,4";"24,6";"24,3";"71,0";"71,0";"69,0";"18,7";"19,0";"18,2";"1012,2";"1012,2";"1011,9";"2,0";"110,0";"6,0";"128,30";"0,0"
"08/01/2025";"2200";"24,2";"24,6";"24,2";"79,0";"79,0";"70,0";"20,2";"20,3";"18,4";"1012,6";"1012,6";"1012,2";"2,3";"151,0";"5,1";"73,00";"0,0"
"08/01/2025";"2300";"23,5";"24,2";"23,5";"82,0";"83,0";"79,0";"20,3";"20,5";"20,1";"1012,9";"1012,9";"1012,6";"1,8";"162,0";"5,6";"5,30";"0,0"
"09/01/2025";"0000";"22,9";"23,5";"22,9";"84,0";"84,0";"81,0";"20,0";"20,3";"19,6";"1013,5";"1013,5";"1012,9";"2,0";"149,0";"5,9";"";"0,0"
"09/01/2025";"0100";"21,8";"22,8";"21,8";"87,0";"88,0";"84,0";"19,5";"20,1";"19,5";"1014,0";"1014,0";"1013,5";"1,2";"58,0";"5,9";"";"2,6"
"09/01/2025";"0200";"22,6";"22,8";"21,6";"81,0";"87,0";"76,0";"19,3";"19,4";"17,6";"1014,0";"1014,1";"1013,9";"1,5";"181,0";"5,1";"0,40";"0,0"
"09/01/2025";"0300";"22,5";"22,7";"22,3";"80,0";"82,0";"79,0";"18,8";"19,4";"18,5";"1013,7";"1014,0";"1013,6";"1,3";"154,0";"5,1";"";"0,0"
"09/01/2025";"0400";"21,6";"22,5";"21,6";"83,0";"86,0";"78,0";"18,6";"19,5";"18,3";"1013,0";"1013,7";"1013,0";"0,9";"80,0";"4,2";"";"0,0"
"09/01/2025";"0500";"21,2";"22,3";"21,2";"85,0";"85,0";"78,0";"18,6";"19,1";"17,9";"1012,4";"1013,0";"1012,4";"0,9";"324,0";"5,4";"";"0,8"
"09/01/2025";"0600";"20,8";"21,2";"20,7";"89,0";"89,0";"85,0";"18,9";"18,9";"18,6";"1012,1";"1012,5";"1012,1";"1,3";"246,0";"2,9";"";"0,0"
"09/01/2025";"0700";"20,7";"20,9";"20,7";"89,0";"89,0";"89,0";"18,9";"19,0";"18,9";"1012,1";"1012,1";"1011,8";"0,2";"278,0";"3,2";"";"0,0"
"09/01/2025";"0800";"20,6";"20,7";"20,6";"90,0";"90,0";"89,0";"18,9";"18,9";"18,8";"1012,2";"1012,2";"1011,9";"1,0";"248,0";"2,7";"";"0,2"
"09/01/2025";"0900";"20,6";"20,7";"20,5";"90,0";"90,0";"90,0";"18,9";"19,0";"18,8";"1012,6";"1012,6";"1012,2";"1,4";"261,0";"2,6";"15,40";"0,0"
"09/01/2025";"1000";"20,8";"20,8";"20,6";"88,0";"90,0";"88,0";"18,9";"19,0";"18,8";"1013,3";"1013,3";"1012,6";"1,4";"251,0";"2,7";"191,20";"0,0"
"09/01/2025";"1100";"23,0";"23,2";"20,8";"78,0";"89,0";"78,0";"19,1";"19,6";"18,8";"1013,6";"1013,6";"1013,3";"1,4";"179,0";"3,2";"1167,20";"0,0"
"09/01/2025";"1200";"22,6";"23,3";"22,6";"81,0";"82,0";"78,0";"19,1";"19,5";"19,0";"1013,9";"1013,9";"1013,6";"1,6";"161,0";"5,1";"881,00";"0,0"
"09/01/2025";"1300";"24,2";"24,3";"22,7";"69,0";"81,0";"69,0";"18,2";"19,5";"18,0";"1013,9";"1013,9";"1013,8";"1,5";"191,0";"4,1";"1856,50";"0,0"
"09/01/2025";"1400";"24,5";"24,8";"24,1";"68,0";"70,0";"66,0";"18,2";"18,5";"17,6";"1013,7";"1014,0";"1013,7";"0,7";"169,0";"3,1";"1632,60";"0,0"
"09/01/2025";"1500";"23,3";"24,5";"23,2";"73,0";"73,0";"66,0";"18,1";"18,6";"17,4";"1013,7";"1013,7";"1013,6";"1,5";"67,0";"5,5";"857,70";"0,0"
"09/01/2025";"1600";"24,5";"24,5";"23,0";"64,0";"78,0";"64,0";"17,2";"19,1";"16,8";"1013,4";"1013,7";"1013,4";"1,3";"113,0";"5,5";"668,60";"0,2"
"09/01/2025";"1700";"25,6";"25,7";"24,5";"61,0";"65,0";"59,0";"17,5";"17,8";"16,7";"1013,1";"1013,4";"1013,1";"1,9";"132,0";"4,5";"1346,30";"0,0"
"09/01/2025";"1800";"24,9";"25,9";"24,9";"65,0";"66,0";"60,0";"17,9";"18,2";"17,1";"1012,7";"1013,1";"1012,6";"2,4";"134,0";"5,4";"862,70";"0,0"
"09/01/2025";"1900";"24,5";"24,9";"24,4";"63,0";"66,0";"63,0";"17,1";"17,8";"17,0";"1012,1";"1012,7";"1012,1";"1,9";"90,0";"5,4";"403,00";"0,0"
"09/01/2025";"2000";"24,3";"24,6";"24,3";"61,0";"66,0";"61,0";"16,4";"17,6";"16,4";"1011,9";"1012,1";"1011,9";"2,2";"134,0";"5,1";"369,20";"0,0"
"09/01/2025";"2100";"24,1";"24,5";"24,0";"69,0";"69,0";"61,0";"18,0";"18,1";"16,4";"1012,0";"1012,1";"1011,8";"1,2";"158,0";"4,5";"266,50";"0,0"
"09/01/2025";"2200";"24,1";"24,2";"23,9";"63,0";"69,0";"62,0";"16,5";"18,0";"16,4";"1012,4";"1012,4";"1012,0";"2,4";"99,0";"4,2";"82,40";"0,0"
"09/01/2025";"2300";"24,0";"24,1";"24,0";"62,0";"64,0";"62,0";"16,2";"16,9";"16,1";"1012,9";"1012,9";"1012,4";"1,7";"97,0";"4,2";"2,10";"0,0"
"10/01/2025";"0000";"23,9";"24,0";"23,9";"62,0";"62,0";"61,0";"16,0";"16,2";"15,9";"1013,2";"1013,2";"1012,9";"1,3";"104,0";"3,7";"";"0,0"
"10/01/2025";"0100";"23,8";"23,9";"23,8";"62,0";"62,0";"61,0";"16,1";"16,2";"15,9";"1013,5";"1013,5";"1013,1";"0,8";"108,0";"2,5";"";"0,0"
"10/01/2025";"0200";"22,6";"23,8";"22,6";"78,0";"78,0";"62,0";"18,5";"18,5";"16,2";"1013,6";"1013,7";"1013,5";"1,1";"263,0";"2,5";"";"0,0"
"10/01/2025";"0300";"22,3";"22,6";"22,3";"80,0";"80,0";"78,0";"18,7";"18,7";"18,4";"1013,3";"1013,6";"1013,3";"0,4";"264,0";"2,3";"";"0,0"
"10/01/2025";"0400";"22,0";"22,4";"22,0";"80,0";"80,0";"78,0";"18,4";"18,6";"18,3";"1012,7";"1013,3";"1012,7";"0,9";"283,0";"2,7";"";"0,0"
"10/01/2025";"0500";"21,6";"22,0";"21,6";"81,0";"82,0";"80,0";"18,2";"18,4";"18,1";"1012,2";"1012,7";"1012,2";"0,7";"283,0";"2,5";"";"0,0"
"10/01/2025";"0600";"21,4";"21,6";"21,3";"81,0";"81,0";"81,0";"18,0";"18,2";"17,9";"1011,8";"1012,2";"1011,7";"1,9";"277,0";"3,7";"";"0,0"
"10/01/2025";"0700";"21,1";"21,4";"21,1";"82,0";"82,0";"81,0";"18,0";"18,1";"18,0";"1011,9";"1011,9";"1011,8";"0,9";"305,0";"3,7";"";"0,0"
"10/01/2025";"0800";"21,0";"21,1";"21,0";"82,0";"82,0";"82,0";"17,8";"18,0";"17,8";"1011,9";"1011,9";"1011,7";"0,6";"312,0";"2,4";"";"0,0"
"10/01/2025";"0900";"21,0";"21,0";"20,9";"83,0";"83,0";"82,0";"18,0";"18,0";"17,7";"1012,4";"1012,4";"1011,9";"1,3";"272,0";"3,0";"16,30";"0,0"
"10/01/2025";"1000";"21,7";"21,7";"21,0";"78,0";"83,0";"78,0";"17,7";"18,1";"17,7";"1012,9";"1012,9";"1012,4";"0,3";"224,0";"2,6";"281,90";"0,0"
"10/01/2025";"1100";"24,0";"24,2";"21,7";"68,0";"78,0";"68,0";"17,8";"18,7";"17,8";"1013,3";"1013,3";"1012,9";"1,3";"259,0";"3,1";"1035,40";"0,0"
"10/01/2025";"1200";"24,8";"25,1";"24,0";"61,0";"69,0";"60,0";"16,8";"18,0";"16,6";"1013,3";"1013,4";"1013,2";"1,1";"156,0";"3,1";"1455,70";"0,0"
"10/01/2025";"1300";"25,3";"25,3";"24,7";"61,0";"64,0";"59,0";"17,3";"17,6";"16,5";"1013,2";"1013,4";"1013,2";"1,4";"149,0";"2,6";"1577,10";"0,0"
"10/01/2025";"1400";"26,5";"26,5";"25,1";"61,0";"63,0";"58,0";"18,3";"18,7";"16,7";"1013,0";"1013,2";"1013,0";"1,3";"162,0";"3,0";"1956,50";"0,0"
"10/01/2025";"1500";"26,4";"26,9";"26,1";"57,0";"61,0";"56,0";"17,3";"18,5";"17,1";"1012,8";"1013,0";"1012,8";"1,9";"134,0";"4,1";"2059,40";"0,0"
"10/01/2025";"1600";"27,4";"27,6";"26,0";"52,0";"59,0";"51,0";"16,7";"17,8";"16,5";"1012,5";"1012,8";"1012,4";"2,3";"43,0";"5,6";"3495,30";"0,0"
"10/01/2025";"1700";"26,6";"27,9";"26,6";"56,0";"57,0";"51,0";"17,2";"17,9";"16,2";"1012,2";"1012,5";"1012,1";"2,6";"50,0";"7,3";"2645,20";"0,0"
"10/01/2025";"1800";"26,3";"26,7";"26,0";"55,0";"57,0";"53,0";"16,5";"17,3";"15,9";"1011,7";"1012,2";"1011,7";"2,8";"113,0";"7,3";"684,40";"0,0"
"10/01/2025";"1900";"26,6";"26,7";"26,1";"52,0";"56,0";"52,0";"16,1";"16,6";"15,8";"1011,3";"1011,7";"1011,2";"2,5";"111,0";"5,6";"869,90";"0,0"
"10/01/2025";"2000";"25,7";"26,6";"25,7";"56,0";"60,0";"52,0";"16,3";"17,7";"15,8";"1011,2";"1011,3";"1011,2";"2,4";"110,0";"5,9";"655,00";"0,0"
"10/01/2025";"2100";"25,3";"25,7";"25,2";"59,0";"59,0";"54,0";"16,6";"16,6";"15,7";"1011,1";"1011,2";"1011,0";"2,2";"99,0";"5,3";"313,00";"0,0"
"10/01/2025";"2200";"24,8";"25,3";"24,8";"61,0";"62,0";"59,0";"16,9";"17,2";"16,6";"1011,7";"1011,8";"1011,1";"1,8";"112,0";"4,9";"63,40";"0,0"
"10/01/2025";"2300";"24,7";"24,9";"24,7";"60,0";"62,0";"60,0";"16,4";"17,1";"16,4";"1012,2";"1012,2";"1011,7";"0,4";"48,0";"3,7";"2,50";"0,0"
"11/01/2025";"0000";"24,4";"24,7";"24,4";"61,0";"61,0";"60,0";"16,4";"16,6";"16,2";"1011,9";"1012,2";"1011,9";"0,4";"72,0";"2,1";"";"0,0"
"11/01/2025";"0100";"23,2";"24,4";"23,1";"71,0";"72,0";"61,0";"17,7";"17,7";"16,4";"1012,0";"1012,0";"1011,9";"0,1";"200,0";"1,9";"";"0,0"
"11/01/2025";"0200";"22,9";"23,3";"22,9";"74,0";"74,0";"71,0";"18,1";"18,2";"17,7";"1012,4";"1012,4";"1012,0";"0,5";"276,0";"2,0";"";"0,0"
"11/01/2025";"0300";"22,5";"23,0";"22,5";"77,0";"77,0";"74,0";"18,4";"18,4";"18,0";"1012,1";"1012,4";"1012,0";"0,0";"272,0";"1,5";"";"0,0"
"11/01/2025";"0400";"22,2";"22,6";"22,1";"79,0";"79,0";"77,0";"18,4";"18,4";"18,2";"1011,5";"1012,1";"1011,5";"0,5";"270,0";"2,3";"";"0,0"
"11/01/2025";"0500";"22,8";"22,9";"22,2";"80,0";"81,0";"79,0";"19,2";"19,5";"18,4";"1011,2";"1011,5";"1011,1";"1,2";"112,0";"3,0";"";"0,0"
"11/01/2025";"0600";"22,2";"22,8";"22,1";"84,0";"84,0";"79,0";"19,4";"19,4";"18,9";"1010,6";"1011,2";"1010,6";"0,1";"147,0";"3,0";"";"0,4"
"11/01/2025";"0700";"21,9";"22,2";"21,9";"85,0";"87,0";"84,0";"19,4";"19,7";"19,3";"1010,2";"1010,6";"1010,2";"0,8";"111,0";"2,6";"";"0,0"
"11/01/2025";"0800";"21,9";"22,2";"21,9";"86,0";"86,0";"82,0";"19,4";"19,4";"18,8";"1010,8";"1010,9";"1010,2";"2,1";"131,0";"4,3";"";"0,2"
"11/01/2025";"0900";"21,7";"22,0";"21,7";"86,0";"86,0";"85,0";"19,3";"19,5";"19,1";"1011,3";"1011,3";"1010,8";"0,2";"216,0";"4,3";"";"0,6"
"11/01/2025";"1000";"21,8";"21,8";"21,5";"88,0";"89,0";"86,0";"19,8";"19,9";"19,3";"1011,8";"1011,8";"1011,3";"0,4";"31,0";"3,0";"136,50";"0,8"
"11/01/2025";"1100";"21,3";"21,8";"21,2";"89,0";"89,0";"88,0";"19,4";"19,8";"19,3";"1012,3";"1012,3";"1011,8";"1,6";"348,0";"3,5";"198,30";"0,2"
"11/01/2025";"1200";"21,5";"21,5";"21,2";"88,0";"90,0";"88,0";"19,3";"19,7";"19,2";"1012,9";"1012,9";"1012,3";"1,0";"316,0";"3,6";"470,60";"0,0"
"11/01/2025";"1300";"22,3";"22,3";"21,5";"83,0";"88,0";"82,0";"19,2";"19,4";"18,9";"1013,3";"1013,3";"1012,9";"0,1";"295,0";"2,6";"607,90";"0,0"
"11/01/2025";"1400";"22,6";"22,8";"22,0";"80,0";"83,0";"80,0";"19,1";"19,5";"18,8";"1013,4";"1013,4";"1013,3";"0,9";"254,0";"2,4";"578,90";"0,0"
"11/01/2025";"1500";"22,2";"22,6";"22,0";"86,0";"86,0";"81,0";"19,7";"19,7";"19,0";"1013,2";"1013,5";"1013,2";"1,8";"299,0";"3,7";"533,80";"0,4"
"11/01/2025";"1600";"23,0";"23,0";"22,2";"79,0";"86,0";"77,0";"19,1";"20,2";"18,7";"1013,0";"1013,2";"1013,0";"1,1";"292,0";"3,7";"956,10";"0,0"
"11/01/2025";"1700";"22,9";"23,1";"22,7";"77,0";"80,0";"77,0";"18,7";"19,5";"18,7";"1012,7";"1013,0";"1012,7";"0,4";"301,0";"2,9";"665,00";"0,0"
"11/01/2025";"1800";"22,4";"23,4";"22,4";"80,0";"80,0";"72,0";"18,8";"19,1";"17,7";"1012,6";"1012,7";"1012,5";"2,3";"41,0";"4,9";"466,00";"0,0"
"11/01/2025";"1900";"22,2";"22,4";"22,0";"83,0";"84,0";"80,0";"19,1";"19,4";"18,8";"1012,4";"1012,6";"1012,4";"0,6";"280,0";"4,9";"361,70";"0,0"
"11/01/2025";"2000";"21,8";"22,2";"21,4";"86,0";"86,0";"83,0";"19,3";"19,4";"18,6";"1012,4";"1012,4";"1012,4";"0,3";"296,0";"2,2";"271,60";"1,2"
"11/01/2025";"2100";"21,6";"21,9";"21,6";"87,0";"87,0";"84,0";"19,4";"19,5";"18,9";"1012,5";"1012,5";"1012,1";"1,3";"285,0";"2,4";"380,10";"0,2"
"11/01/2025";"2200";"21,0";"21,6";"21,0";"87,0";"88,0";"87,0";"18,8";"19,3";"18,8";"1012,8";"1012,8";"1012,5";"0,7";"281,0";"2,5";"69,50";"0,0"
"11/01/2025";"2300";"20,8";"21,0";"20,8";"88,0";"88,0";"87,0";"18,8";"18,9";"18,8";"1013,4";"1013,4";"1012,7";"0,9";"291,0";"2,5";"2,50";"0,0"
"12/01/2025";"0000";"20,9";"20,9";"20,7";"88,0";"88,0";"88,0";"18,8";"18,9";"18,7";"1014,1";"1014,1";"1013,4";"0,6";"151,0";"2,4";"";"0,2"
"12/01/2025";"0100";"20,7";"21,0";"20,6";"89,0";"89,0";"88,0";"18,8";"19,0";"18,7";"1014,3";"1014,3";"1014,1";"0,3";"240,0";"2,7";"";"0,4"
"12/01/2025";"0200";"20,7";"20,7";"20,6";"90,0";"90,0";"89,0";"18,9";"18,9";"18,8";"1014,1";"1014,3";"1014,1";"0,0";"232,0";"1,7";"";"0,0"
"12/01/2025";"0300";"20,4";"20,7";"20,4";"89,0";"90,0";"89,0";"18,5";"18,9";"18,5";"1013,7";"1014,1";"1013,7";"0,4";"282,0";"2,2";"";"0,0"
"12/01/2025";"0400";"20,2";"20,4";"20,2";"89,0";"89,0";"89,0";"18,3";"18,5";"18,3";"1013,5";"1013,8";"1013,5";"0,7";"254,0";"2,3";"";"0,0"
"12/01/2025";"0500";"20,2";"20,3";"20,2";"89,0";"89,0";"89,0";"18,3";"18,3";"18,2";"1013,2";"1013,5";"1013,2";"0,5";"273,0";"1,8";"";"0,0"
"12/01/2025";"0600";"19,9";"20,2";"19,9";"89,0";"89,0";"89,0";"18,0";"18,3";"18,0";"1012,8";"1013,3";"1012,8";"0,1";"286,0";"1,7";"";"0,0"
"12/01/2025";"0700";"19,9";"19,9";"19,8";"89,0";"89,0";"89,0";"18,0";"18,0";"17,9";"1012,8";"1012,8";"1012,6";"0,2";"251,0";"2,5";"";"0,0"
"12/01/2025";"0800";"20,1";"20,1";"19,9";"89,0";"89,0";"89,0";"18,2";"18,2";"18,1";"1013,3";"1013,3";"1012,8";"0,2";"303,0";"2,4";"";"0,0"
"12/01/2025";"0900";"19,8";"20,1";"19,8";"88,0";"89,0";"88,0";"17,7";"18,2";"17,7";"1013,8";"1013,8";"1013,3";"0,7";"271,0";"2,4";"14,30";"0,0"
"12/01/2025";"1000";"20,4";"20,5";"19,8";"84,0";"88,0";"84,0";"17,7";"17,9";"17,7";"1014,3";"1014,3";"1013,8";"1,0";"252,0";"2,3";"248,60";"0,0"
"12/01/2025";"1100";"22,3";"22,4";"20,4";"75,0";"85,0";"74,0";"17,7";"18,6";"17,4";"1014,6";"1014,7";"1014,3";"0,8";"219,0";"2,3";"841,40";"0,0"
"12/01/2025";"1200";"24,6";"24,6";"22,4";"70,0";"75,0";"69,0";"18,8";"18,9";"17,3";"1014,7";"1014,7";"1014,6";"0,9";"200,0";"2,9";"2112,80";"0,0"
"12/01/2025";"1300";"25,3";"25,4";"24,3";"64,0";"71,0";"62,0";"18,1";"18,9";"17,4";"1014,7";"1014,8";"1014,6";"2,6";"163,0";"6,2";"2690,40";"0,0"
"12/01/2025";"1400";"26,0";"26,4";"25,3";"60,0";"66,0";"58,0";"17,7";"18,6";"17,0";"1014,7";"1014,7";"1014,6";"2,6";"153,0";"6,2";"3552,90";"0,0"
"12/01/2025";"1500";"25,3";"26,6";"25,2";"63,0";"65,0";"57,0";"17,8";"18,3";"17,1";"1014,3";"1014,7";"1014,3";"2,6";"157,0";"6,2";"2135,10";"0,0"
"12/01/2025";"1600";"26,3";"26,4";"25,3";"60,0";"63,0";"57,0";"17,9";"18,5";"16,8";"1013,6";"1014,3";"1013,6";"2,1";"161,0";"5,4";"2408,60";"0,0"
"12/01/2025";"1700";"26,9";"26,9";"25,9";"56,0";"62,0";"53,0";"17,5";"18,7";"15,4";"1013,2";"1013,6";"1013,2";"3,6";"129,0";"7,3";"2768,60";"0,0"
"12/01/2025";"1800";"26,2";"26,9";"25,7";"56,0";"61,0";"55,0";"16,7";"17,9";"16,6";"1012,7";"1013,2";"1012,7";"2,7";"127,0";"7,1";"2604,00";"0,0"
"12/01/2025";"1900";"25,6";"26,4";"25,5";"62,0";"62,0";"54,0";"17,7";"17,8";"15,7";"1012,5";"1012,8";"1012,5";"2,9";"130,0";"6,1";"1231,10";"0,0"
"12/01/2025";"2000";"25,2";"26,3";"25,2";"62,0";"63,0";"59,0";"17,5";"18,6";"16,6";"1012,2";"1012,5";"1012,2";"2,6";"120,0";"6,8";"1171,70";"0,0"
"12/01/2025";"2100";"24,6";"25,3";"24,6";"63,0";"64,0";"61,0";"17,2";"17,6";"16,7";"1012,5";"1012,5";"1012,2";"3,3";"134,0";"6,0";"470,80";"0,0"
"12/01/2025";"2200";"23,9";"24,7";"23,9";"63,0";"66,0";"62,0";"16,4";"17,6";"16,3";"1012,9";"1012,9";"1012,5";"2,2";"142,0";"6,3";"212,50";"0,0"
"12/01/2025";"2300";"23,7";"23,9";"23,7";"64,0";"65,0";"62,0";"16,4";"16,7";"16,1";"1013,4";"1013,4";"1012,9";"1,7";"135,0";"4,9";"6,40";"0,0"
"13/01/2025";"0000";"23,5";"23,8";"23,4";"73,0";"73,0";"64,0";"18,3";"18,3";"16,4";"1013,8";"1013,8";"1013,4";"1,4";"183,0";"4,3";"";"0,0"
"13/01/2025";"0100";"21,6";"23,5";"21,6";"84,0";"84,0";"73,0";"18,7";"18,7";"17,4";"1014,1";"1014,1";"1013,7";"0,1";"345,0";"6,4";"";"1,2"
"13/01/2025";"0200";"21,3";"21,8";"21,3";"87,0";"87,0";"84,0";"19,1";"19,3";"18,7";"1014,1";"1014,2";"1014,0";"0,0";"333,0";"1,8";"";"0,2"
"13/01/2025";"0300";"20,8";"21,3";"20,8";"88,0";"88,0";"87,0";"18,7";"19,1";"18,7";"1013,8";"1014,1";"1013,8";"0,2";"271,0";"2,7";"";"0,0"
"13/01/2025";"0400";"20,1";"20,8";"20,0";"90,0";"90,0";"88,0";"18,3";"18,7";"18,1";"1013,6";"1013,8";"1013,6";"0,6";"265,0";"2,0";"";"0,2"
"13/01/2025";"0500";"19,8";"20,3";"19,8";"89,0";"90,0";"89,0";"17,9";"18,5";"17,9";"1013,1";"1013,6";"1013,1";"0,4";"290,0";"2,8";"";"0,0"
"13/01/2025";"0600";"19,5";"19,8";"19,5";"88,0";"89,0";"88,0";"17,5";"17,9";"17,5";"1012,5";"1013,1";"1012,4";"1,7";"281,0";"3,6";"";"0,0"
"13/01/2025";"0700";"19,1";"19,5";"19,1";"88,0";"88,0";"88,0";"17,1";"17,5";"17,1";"1012,4";"1012,5";"1012,3";"1,3";"281,0";"3,4";"";"0,0"
"13/01/2025";"0800";"18,7";"19,1";"18,7";"88,0";"88,0";"87,0";"16,6";"17,1";"16,6";"1012,4";"1012,5";"1012,4";"0,1";"302,0";"3,2";"";"0,0"
"13/01/2025";"0900";"18,5";"18,7";"18,3";"90,0";"90,0";"88,0";"16,8";"16,9";"16,5";"1012,6";"1012,6";"1012,3";"0,4";"295,0";"1,4";"11,50";"0,0"
"13/01/2025";"1000";"18,8";"18,8";"18,4";"90,0";"90,0";"90,0";"17,1";"17,1";"16,7";"1013,1";"1013,1";"1012,6";"0,1";"329,0";"1,5";"168,60";"0,0"
"13/01/2025";"1100";"20,0";"20,0";"18,8";"82,0";"90,0";"82,0";"16,9";"17,4";"16,8";"1013,4";"1013,4";"1013,0";"1,6";"261,0";"3,0";"545,80";"0,0"
"13/01/2025";"1200";"23,4";"23,7";"20,0";"68,0";"83,0";"67,0";"17,2";"18,2";"16,7";"1013,6";"1013,7";"1013,4";"0,9";"195,0";"2,9";"1897,00";"0,0"
"13/01/2025";"1300";"24,9";"25,0";"23,4";"65,0";"71,0";"64,0";"17,9";"18,6";"17,0";"1013,7";"1013,7";"1013,6";"1,6";"142,0";"3,7";"2775,80";"0,0"
"13/01/2025";"1400";"25,7";"25,8";"24,7";"56,0";"66,0";"56,0";"16,3";"18,3";"16,1";"1013,4";"1013,8";"1013,4";"1,9";"135,0";"3,9";"3397,30";"0,0"
"13/01/2025";"1500";"26,7";"26,7";"25,6";"59,0";"60,0";"53,0";"18,2";"18,2";"16,0";"1013,2";"1013,5";"1013,2";"2,1";"143,0";"4,0";"3755,50";"0,0"
"13/01/2025";"1600";"26,5";"27,2";"26,5";"54,0";"59,0";"53,0";"16,5";"18,2";"16,5";"1012,8";"1013,2";"1012,8";"3,1";"131,0";"5,7";"3659,90";"0,0"
"13/01/2025";"1700";"26,2";"27,6";"26,1";"62,0";"63,0";"54,0";"18,2";"19,0";"16,2";"1012,6";"1012,8";"1012,6";"3,7";"130,0";"7,6";"2890,90";"0,0"
"13/01/2025";"1800";"25,9";"27,2";"25,9";"58,0";"62,0";"56,0";"16,9";"18,6";"16,7";"1012,6";"1012,7";"1012,6";"3,7";"125,0";"8,2";"2338,50";"0,0"
"13/01/2025";"1900";"26,7";"26,9";"25,8";"54,0";"59,0";"54,0";"16,6";"17,6";"16,6";"1012,1";"1012,6";"1012,0";"2,8";"122,0";"7,4";"2111,60";"0,0"
"13/01/2025";"2000";"26,0";"26,7";"25,9";"53,0";"56,0";"51,0";"15,8";"16,9";"15,4";"1011,6";"1012,1";"1011,6";"2,4";"127,0";"6,0";"1783,90";"0,0"
"13/01/2025";"2100";"25,2";"26,3";"25,2";"55,0";"56,0";"50,0";"15,6";"16,1";"14,6";"1011,7";"1011,7";"1011,5";"2,2";"126,0";"5,5";"777,60";"0,0"
"13/01/2025";"2200";"24,7";"25,2";"24,7";"58,0";"61,0";"52,0";"16,0";"16,7";"14,7";"1011,8";"1011,8";"1011,6";"2,1";"93,0";"4,9";"141,90";"0,0"
"13/01/2025";"2300";"24,0";"24,8";"24,0";"63,0";"63,0";"58,0";"16,5";"16,6";"15,8";"1012,3";"1012,3";"1011,8";"1,1";"125,0";"4,0";"7,70";"0,0"
"14/01/2025";"0000";"23,8";"24,0";"23,8";"66,0";"66,0";"62,0";"17,1";"17,1";"16,2";"1012,5";"1012,6";"1012,2";"0,5";"131,0";"2,8";"";"0,0"
"14/01/2025";"0100";"22,5";"23,8";"22,5";"73,0";"73,0";"66,0";"17,4";"17,6";"17,0";"1013,2";"1013,2";"1012,5";"0,9";"240,0";"3,3";"";"0,0"
"14/01/2025";"0200";"22,1";"22,5";"22,1";"76,0";"76,0";"73,0";"17,6";"17,7";"17,4";"1013,3";"1013,5";"1013,2";"0,2";"258,0";"2,8";"";"0,0"
"14/01/2025";"0300";"21,3";"22,2";"21,3";"80,0";"81,0";"75,0";"17,7";"18,0";"17,6";"1013,1";"1013,3";"1013,1";"1,0";"274,0";"1,8";"";"0,0"
"14/01/2025";"0400";"20,8";"21,3";"20,8";"81,0";"81,0";"80,0";"17,5";"17,7";"17,4";"1012,7";"1013,1";"1012,7";"1,6";"279,0";"3,4";"";"0,0"
"14/01/2025";"0500";"20,4";"20,8";"20,4";"83,0";"83,0";"81,0";"17,3";"17,5";"17,3";"1012,0";"1012,7";"1012,0";"0,2";"315,0";"3,3";"";"0,0"
"14/01/2025";"0600";"20,2";"20,4";"20,2";"82,0";"83,0";"82,0";"17,1";"17,3";"17,1";"1011,4";"1012,0";"1011,4";"0,1";"289,0";"2,3";"";"0,0"
"14/01/2025";"0700";"20,3";"20,3";"20,0";"82,0";"83,0";"82,0";"17,1";"17,2";"17,1";"1011,3";"1011,4";"1011,2";"0,0";"50,0";"2,6";"";"0,0"
"14/01/2025";"0800";"19,8";"20,3";"19,6";"85,0";"85,0";"82,0";"17,2";"17,2";"16,9";"1011,4";"1011,4";"1011,3";"0,2";"330,0";"2,2";"";"0,0"
"14/01/2025";"0900";"19,5";"19,8";"19,5";"85,0";"85,0";"84,0";"16,9";"17,2";"16,8";"1011,8";"1011,8";"1011,4";"1,4";"304,0";"2,6";"9,90";"0,0"
"14/01/2025";"1000";"21,4";"21,4";"19,5";"77,0";"85,0";"77,0";"17,3";"17,5";"16,9";"1012,4";"1012,4";"1011,8";"1,2";"284,0";"2,6";"398,00";"0,0"
"14/01/2025";"1100";"23,6";"23,7";"21,4";"67,0";"78,0";"65,0";"17,1";"17,7";"16,6";"1013,0";"1013,1";"1012,4";"1,1";"269,0";"2,3";"1244,80";"0,0"
"14/01/2025";"1200";"24,8";"24,8";"23,6";"66,0";"68,0";"63,0";"17,9";"17,9";"16,9";"1012,9";"1013,0";"1012,9";"1,7";"130,0";"3,3";"2090,00";"0,0"
"14/01/2025";"1300";"25,8";"25,8";"24,5";"62,0";"66,0";"60,0";"18,1";"18,3";"17,1";"1012,9";"1013,0";"1012,9";"2,4";"133,0";"4,0";"2673,10";"0,0"
"14/01/2025";"1400";"27,2";"27,2";"25,7";"48,0";"63,0";"48,0";"15,2";"18,7";"15,2";"1012,7";"1012,9";"1012,7";"2,3";"39,0";"5,0";"3503,50";"0,0"
"14/01/2025";"1500";"27,6";"27,7";"27,0";"50,0";"56,0";"48,0";"16,1";"17,5";"15,5";"1012,3";"1012,7";"1012,3";"2,2";"11,0";"6,6";"3682,10";"0,0"
"14/01/2025";"1600";"27,7";"28,3";"27,3";"56,0";"56,0";"50,0";"18,0";"18,3";"16,1";"1012,0";"1012,3";"1012,0";"2,8";"33,0";"6,6";"3844,50";"0,0"
"14/01/2025";"1700";"28,1";"28,5";"27,6";"53,0";"57,0";"51,0";"17,7";"18,6";"17,0";"1011,8";"1012,1";"1011,7";"2,9";"13,0";"6,6";"3697,50";"0,0"
"14/01/2025";"1800";"28,2";"28,7";"27,9";"52,0";"56,0";"50,0";"17,5";"18,3";"17,1";"1011,4";"1011,8";"1011,4";"2,6";"44,0";"7,2";"3664,40";"0,0"
"14/01/2025";"1900";"27,3";"28,6";"27,2";"49,0";"54,0";"49,0";"15,6";"17,7";"15,6";"1011,0";"1011,4";"1011,0";"2,8";"73,0";"6,7";"1365,20";"0,0"
"14/01/2025";"2000";"26,7";"27,4";"26,7";"54,0";"54,0";"49,0";"16,7";"16,8";"15,4";"1010,9";"1011,1";"1010,9";"2,6";"60,0";"6,0";"732,70";"0,0"
"14/01/2025";"2100";"26,1";"26,7";"26,1";"57,0";"58,0";"54,0";"16,9";"17,3";"16,6";"1011,1";"1011,2";"1010,8";"2,5";"77,0";"6,8";"392,70";"0,0"
"14/01/2025";"2200";"25,7";"26,2";"25,7";"60,0";"61,0";"56,0";"17,5";"17,7";"16,5";"1011,5";"1011,5";"1011,0";"2,5";"76,0";"5,9";"133,60";"0,0"
"14/01/2025";"2300";"25,1";"25,7";"25,1";"60,0";"62,0";"60,0";"16,8";"17,7";"16,8";"1012,2";"1012,2";"1011,4";"1,9";"65,0";"6,0";"2,30";"0,0"
"15/01/2025";"0000";"24,7";"25,2";"24,7";"64,0";"64,0";"60,0";"17,4";"17,6";"16,8";"1012,6";"1012,6";"1012,2";"1,6";"56,0";"4,5";"";"0,0"
"15/01/2025";"0100";"24,4";"24,7";"24,4";"64,0";"65,0";"64,0";"17,3";"17,4";"17,2";"1013,1";"1013,1";"1012,6";"1,2";"29,0";"4,2";"";"0,0"
"15/01/2025";"0200";"24,4";"24,5";"24,2";"66,0";"66,0";"64,0";"17,6";"17,7";"17,3";"1013,0";"1013,3";"1013,0";"1,0";"35,0";"3,7";"";"0,0"
"15/01/2025";"0300";"23,1";"24,4";"23,1";"76,0";"76,0";"66,0";"18,7";"18,7";"17,6";"1013,2";"1013,3";"1013,0";"1,1";"270,0";"4,6";"";"0,2"
"15/01/2025";"0400";"22,0";"23,1";"22,0";"86,0";"86,0";"76,0";"19,5";"19,5";"18,7";"1012,8";"1013,3";"1012,7";"1,3";"296,0";"3,2";"";"1,2"
"15/01/2025";"0500";"21,7";"22,0";"21,7";"87,0";"87,0";"86,0";"19,4";"19,7";"19,4";"1012,4";"1012,8";"1012,4";"0,0";"299,0";"2,5";"";"0,4"
"15/01/2025";"0600";"21,9";"21,9";"21,7";"88,0";"88,0";"87,0";"19,8";"19,8";"19,5";"1012,3";"1012,4";"1012,1";"0,4";"63,0";"1,4";"";"1,8"
"15/01/2025";"0700";"21,8";"21,9";"21,5";"89,0";"89,0";"88,0";"20,0";"20,0";"19,5";"1012,5";"1012,5";"1012,1";"0,0";"5,0";"1,5";"";"0,6"
"15/01/2025";"0800";"21,2";"21,8";"21,2";"90,0";"90,0";"89,0";"19,5";"20,0";"19,5";"1012,7";"1012,7";"1012,4";"0,4";"268,0";"2,0";"";"0,2"
"15/01/2025";"0900";"21,3";"21,4";"21,0";"90,0";"90,0";"90,0";"19,6";"19,7";"19,4";"1013,3";"1013,4";"1012,7";"0,2";"252,0";"1,6";"15,50";"0,0"
"15/01/2025";"1000";"22,0";"22,1";"21,3";"89,0";"91,0";"89,0";"20,2";"20,3";"19,6";"1013,6";"1013,6";"1013,3";"0,1";"294,0";"1,8";"279,20";"0,0"
"15/01/2025";"1100";"24,4";"24,4";"22,0";"74,0";"89,0";"73,0";"19,4";"20,5";"18,6";"1013,6";"1013,7";"1013,6";"0,3";"198,0";"1,7";"1214,40";"0,0"
"15/01/2025";"1200";"25,7";"25,8";"24,5";"64,0";"74,0";"64,0";"18,4";"19,9";"18,3";"1013,7";"1013,7";"1013,6";"0,9";"31,0";"3,2";"1971,50";"0,0"
"15/01/2025";"1300";"26,7";"26,7";"25,6";"61,0";"64,0";"58,0";"18,4";"18,7";"17,4";"1013,8";"1013,8";"1013,7";"1,8";"355,0";"4,4";"2771,50";"0,0"
"15/01/2025";"1400";"26,9";"27,4";"26,5";"60,0";"61,0";"55,0";"18,4";"18,6";"17,0";"1013,9";"1014,0";"1013,8";"3,1";"20,0";"6,9";"3229,60";"0,0"
"15/01/2025";"1500";"27,2";"27,3";"26,7";"57,0";"61,0";"57,0";"18,1";"18,9";"17,9";"1013,9";"1014,0";"1013,8";"3,0";"19,0";"8,2";"2815,20";"0,0"
"15/01/2025";"1600";"27,6";"28,0";"26,9";"56,0";"61,0";"52,0";"17,9";"18,9";"17,0";"1013,5";"1013,9";"1013,5";"3,5";"40,0";"8,3";"3130,20";"0,0"
"15/01/2025";"1700";"27,8";"28,3";"27,6";"50,0";"58,0";"48,0";"16,4";"18,9";"16,0";"1013,1";"1013,5";"1013,1";"3,5";"23,0";"8,8";"3730,00";"0,0"
"15/01/2025";"1800";"28,1";"28,8";"27,8";"54,0";"57,0";"50,0";"18,0";"19,0";"16,6";"1012,7";"1013,1";"1012,7";"3,4";"29,0";"8,8";"3366,60";"0,0"
"15/01/2025";"1900";"27,6";"28,3";"27,5";"59,0";"61,0";"54,0";"19,0";"19,8";"17,9";"1012,4";"1012,7";"1012,4";"3,7";"11,0";"8,4";"2809,90";"0,0"
"15/01/2025";"2000";"27,5";"28,0";"27,3";"60,0";"62,0";"59,0";"19,2";"19,8";"19,0";"1012,1";"1012,4";"1012,1";"3,2";"8,0";"8,4";"2056,00";"0,0"
"15/01/2025";"2100";"27,1";"27,8";"27,1";"62,0";"63,0";"60,0";"19,3";"19,7";"18,8";"1012,3";"1012,3";"1012,0";"2,6";"20,0";"8,2";"1216,80";"0,0"
"15/01/2025";"2200";"26,3";"27,1";"26,3";"66,0";"66,0";"62,0";"19,4";"19,4";"19,0";"1012,8";"1012,8";"1012,2";"2,3";"45,0";"6,9";"306,90";"0,0"
"15/01/2025";"2300";"25,7";"26,3";"25,7";"70,0";"70,0";"65,0";"20,0";"20,0";"19,3";"1013,5";"1013,5";"1012,8";"2,3";"47,0";"7,6";"6,20";"0,0"
"16/01/2025";"0000";"25,7";"25,8";"25,6";"73,0";"73,0";"70,0";"20,5";"20,5";"20,0";"1014,0";"1014,0";"1013,5";"2,3";"43,0";"6,6";"";"0,0"
"16/01/2025";"0100";"25,6";"25,7";"25,6";"75,0";"75,0";"73,0";"20,8";"20,8";"20,4";"1014,6";"1014,6";"1014,0";"1,8";"41,0";"5,7";"";"0,0"
"16/01/2025";"0200";"25,1";"25,6";"25,1";"80,0";"81,0";"75,0";"21,4";"21,9";"20,8";"1014,9";"1014,9";"1014,6";"1,3";"18,0";"4,5";"";"0,4"
"16/01/2025";"0300";"25,3";"25,3";"25,0";"77,0";"80,0";"77,0";"21,0";"21,4";"20,8";"1014,7";"1014,9";"1014,7";"1,6";"14,0";"5,3";"";"0,0"
"16/01/2025";"0400";"24,4";"25,3";"24,3";"77,0";"80,0";"77,0";"20,0";"21,0";"20,0";"1014,4";"1014,8";"1014,4";"1,8";"357,0";"9,0";"";"0,0"
"16/01/2025";"0500";"24,1";"24,8";"24,1";"81,0";"81,0";"75,0";"20,5";"20,9";"19,6";"1014,0";"1014,4";"1014,0";"1,2";"329,0";"6,7";"";"0,0"
"16/01/2025";"0600";"23,5";"24,1";"23,5";"87,0";"87,0";"80,0";"21,2";"21,2";"20,3";"1013,9";"1014,0";"1013,9";"0,9";"306,0";"3,4";"";"0,4"
"16/01/2025";"0700";"23,0";"23,5";"22,9";"89,0";"89,0";"87,0";"21,1";"21,2";"20,9";"1013,6";"1013,9";"1013,6";"0,1";"272,0";"2,8";"";"2,2"
"16/01/2025";"0800";"22,8";"23,0";"22,8";"90,0";"90,0";"89,0";"21,0";"21,2";"21,0";"1013,8";"1013,8";"1013,5";"0,9";"278,0";"2,3";"";"0,0"
"16/01/2025";"0900";"22,8";"22,8";"22,6";"90,0";"90,0";"90,0";"21,0";"21,1";"20,8";"1014,3";"1014,3";"1013,8";"0,6";"349,0";"2,8";"3,30";"0,6"
"16/01/2025";"1000";"22,6";"22,8";"22,4";"91,0";"91,0";"89,0";"21,0";"21,0";"20,7";"1014,5";"1014,5";"1014,2";"0,9";"278,0";"4,1";"50,30";"1,2"
"16/01/2025";"1100";"22,5";"22,8";"22,4";"91,0";"91,0";"91,0";"21,0";"21,2";"20,9";"1015,0";"1015,1";"1014,5";"1,4";"258,0";"3,1";"202,10";"3,0"
"16/01/2025";"1200";"23,1";"23,1";"22,4";"92,0";"92,0";"91,0";"21,6";"21,6";"20,9";"1015,4";"1015,6";"1015,0";"0,4";"278,0";"2,9";"215,50";"4,8"
"16/01/2025";"1300";"23,3";"23,3";"22,8";"92,0";"92,0";"92,0";"21,8";"21,9";"21,4";"1015,4";"1015,5";"1015,4";"0,4";"271,0";"3,0";"246,50";"2,4"
"16/01/2025";"1400";"23,9";"24,0";"23,1";"90,0";"92,0";"90,0";"22,2";"22,3";"21,7";"1015,3";"1015,6";"1015,3";"1,8";"1,0";"7,2";"293,60";"3,0"
"16/01/2025";"1500";"24,2";"24,3";"23,9";"90,0";"90,0";"90,0";"22,5";"22,6";"22,2";"1015,4";"1015,6";"1015,2";"0,9";"303,0";"4,0";"386,90";"2,6"
"16/01/2025";"1600";"24,1";"24,4";"24,1";"90,0";"90,0";"90,0";"22,4";"22,7";"22,4";"1014,8";"1015,5";"1014,8";"0,9";"293,0";"3,6";"215,70";"1,2"
"16/01/2025";"1700";"24,1";"24,3";"23,9";"91,0";"91,0";"90,0";"22,4";"22,6";"22,3";"1014,4";"1015,0";"1014,1";"0,9";"17,0";"3,5";"404,70";"5,6"
"16/01/2025";"1800";"23,4";"24,1";"23,4";"92,0";"92,0";"91,0";"22,0";"22,5";"21,9";"1013,3";"1014,4";"1013,2";"2,9";"67,0";"8,5";"265,50";"28,0"
"16/01/2025";"1900";"23,2";"23,4";"21,5";"93,0";"93,0";"90,0";"21,9";"22,0";"20,1";"1013,5";"1014,1";"1013,2";"2,4";"85,0";"12,0";"167,50";"42,6"
"16/01/2025";"2000";"23,3";"23,3";"23,1";"93,0";"93,0";"93,0";"22,1";"22,1";"21,9";"1013,2";"1013,7";"1013,1";"1,2";"47,0";"5,1";"143,00";"31,2"
"16/01/2025";"2100";"23,3";"23,3";"23,2";"93,0";"93,0";"93,0";"22,1";"22,2";"22,0";"1013,1";"1013,2";"1013,0";"0,6";"12,0";"3,1";"72,20";"5,0"
"16/01/2025";"2200";"23,8";"23,8";"23,3";"93,0";"93,0";"93,0";"22,6";"22,6";"22,1";"1013,6";"1013,6";"1013,0";"1,2";"350,0";"3,5";"82,30";"3,8"
"16/01/2025";"2300";"24,0";"24,0";"23,8";"93,0";"93,0";"93,0";"22,7";"22,7";"22,5";"1013,7";"1013,7";"1013,5";"2,1";"42,0";"4,7";"5,50";"5,2"
"17/01/2025";"0000";"23,8";"24,0";"23,8";"93,0";"93,0";"92,0";"22,6";"22,7";"22,5";"1014,3";"1014,4";"1013,7";"0,9";"55,0";"6,2";"";"25,2"
"17/01/2025";"0100";"23,9";"24,0";"23,8";"93,0";"93,0";"93,0";"22,7";"22,7";"22,6";"1014,7";"1014,7";"1014,3";"0,7";"57,0";"4,6";"";"11,8"
"17/01/2025";"0200";"23,5";"24,0";"23,4";"92,0";"93,0";"92,0";"22,2";"22,7";"22,1";"1015,2";"1015,2";"1014,7";"1,0";"45,0";"7,1";"0,20";"9,6"
"17/01/2025";"0300";"22,8";"23,6";"22,5";"93,0";"93,0";"92,0";"21,6";"22,2";"21,2";"1015,0";"1015,3";"1014,9";"1,4";"260,0";"10,4";"";"15,2"
"17/01/2025";"0400";"";"";"";"";"";"";"";"";"";"";"";"";"";"";"";"";""
"17/01/2025";"0500";"";"";"";"";"";"";"";"";"";"";"";"";"";"";"";"";""
"17/01/2025";"0600";"";"";"";"";"";"";"";"";"";"";"";"";"";"";"";"";""
"17/01/2025";"0700";"";"";"";"";"";"";"";"";"";"";"";"";"";"";"";"";""
"17/01/2025";"0800";"";"";"";"";"";"";"";"";"";"";"";"";"";"";"";"";""
"17/01/2025";"0900";"";"";"";"";"";"";"";"";"";"";"";"";"";"";"";"";""
"17/01/2025";"1000";"";"";"";"";"";"";"";"";"";"";"";"";"";"";"";"";""
"17/01/2025";"1100";"";"";"";"";"";"";"";"";"";"";"";"";"";"";"";"";""
"17/01/2025";"1200";"";"";"";"";"";"";"";"";"";"";"";"";"";"";"";"";""
"17/01/2025";"1300";"";"";"";"";"";"";"";"";"";"";"";"";"";"";"";"";""
"17/01/2025";"1400";"";"";"";"";"";"";"";"";"";"";"";"";"";"";"";"";""
"17/01/2025";"1500";"";"";"";"";"";"";"";"";"";"";"";"";"";"";"";"";""
"17/01/2025";"1600";"";"";"";"";"";"";"";"";"";"";"";"";"";"";"";"";""
"17/01/2025";"1700";"";"";"";"";"";"";"";"";"";"";"";"";"";"";"";"";""
"17/01/2025";"1800";"";"";"";"";"";"";"";"";"";"";"";"";"";"";"";"";""
"17/01/2025";"1900";"";"";"";"";"";"";"";"";"";"";"";"";"";"";"";"";""
"17/01/2025";"2000";"";"";"";"";"";"";"";"";"";"";"";"";"";"";"";"";""
"17/01/2025";"2100";"";"";"";"";"";"";"";"";"";"";"";"";"";"";"";"";""
"17/01/2025";"2200";"";"";"";"";"";"";"";"";"";"";"";"";"";"";"";"";""
"17/01/2025";"2300";"";"";"";"";"";"";"";"";"";"";"";"";"";"";"";"";""
"18/01/2025";"0000";"";"";"";"";"";"";"";"";"";"";"";"";"";"";"";"";""
"18/01/2025";"0100";"";"";"";"";"";"";"";"";"";"";"";"";"";"";"";"";""
"18/01/2025";"0200";"";"";"";"";"";"";"";"";"";"";"";"";"";"";"";"";""
"18/01/2025";"0300";"";"";"";"";"";"";"";"";"";"";"";"";"";"";"";"";""
"18/01/2025";"0400";"";"";"";"";"";"";"";"";"";"";"";"";"";"";"";"";""
"18/01/2025";"0500";"";"";"";"";"";"";"";"";"";"";"";"";"";"";"";"";""
"18/01/2025";"0600";"";"";"";"";"";"";"";"";"";"";"";"";"";"";"";"";""
"18/01/2025";"0700";"";"";"";"";"";"";"";"";"";"";"";"";"";"";"";"";""
"18/01/2025";"0800";"";"";"";"";"";"";"";"";"";"";"";"";"";"";"";"";""
"18/01/2025";"0900";"";"";"";"";"";"";"";"";"";"";"";"";"";"";"";"";""
"18/01/2025";"1000";"";"";"";"";"";"";"";"";"";"";"";"";"";"";"";"";""
"18/01/2025";"1100";"";"";"";"";"";"";"";"";"";"";"";"";"";"";"";"";""
"18/01/2025";"1200";"";"";"";"";"";"";"";"";"";"";"";"";"";"";"";"";""
"18/01/2025";"1300";"";"";"";"";"";"";"";"";"";"";"";"";"";"";"";"";""
"18/01/2025";"1400";"";"";"";"";"";"";"";"";"";"";"";"";"";"";"";"";""
"18/01/2025";"1500";"";"";"";"";"";"";"";"";"";"";"";"";"";"";"";"";""
"18/01/2025";"1600";"";"";"";"";"";"";"";"";"";"";"";"";"";"";"";"";""
"18/01/2025";"1700";"";"";"";"";"";"";"";"";"";"";"";"";"";"";"";"";""
"18/01/2025";"1800";"";"";"";"";"";"";"";"";"";"";"";"";"";"";"";"";""
"18/01/2025";"1900";"";"";"";"";"";"";"";"";"";"";"";"";"";"";"";"";""
"18/01/2025";"2000";"";"";"";"";"";"";"";"";"";"";"";"";"";"";"";"";""
"18/01/2025";"2100";"";"";"";"";"";"";"";"";"";"";"";"";"";"";"";"";""
"18/01/2025";"2200";"";"";"";"";"";"";"";"";"";"";"";"";"";"";"";"";""
"18/01/2025";"2300";"";"";"";"";"";"";"";"";"";"";"";"";"";"";"";"";""
"19/01/2025";"0000";"";"";"";"";"";"";"";"";"";"";"";"";"";"";"";"";""
"19/01/2025";"0100";"";"";"";"";"";"";"";"";"";"";"";"";"";"";"";"";""
"19/01/2025";"0200";"";"";"";"";"";"";"";"";"";"";"";"";"";"";"";"";""
"19/01/2025";"0300";"";"";"";"";"";"";"";"";"";"";"";"";"";"";"";"";""
"19/01/2025";"0400";"";"";"";"";"";"";"";"";"";"";"";"";"";"";"";"";""
"19/01/2025";"0500";"";"";"";"";"";"";"";"";"";"";"";"";"";"";"";"";""
"19/01/2025";"0600";"";"";"";"";"";"";"";"";"";"";"";"";"";"";"";"";""
"19/01/2025";"0700";"";"";"";"";"";"";"";"";"";"";"";"";"";"";"";"";""
"19/01/2025";"0800";"";"";"";"";"";"";"";"";"";"";"";"";"";"";"";"";""
"19/01/2025";"0900";"";"";"";"";"";"";"";"";"";"";"";"";"";"";"";"";""
"19/01/2025";"1000";"";"";"";"";"";"";"";"";"";"";"";"";"";"";"";"";""
"19/01/2025";"1100";"";"";"";"";"";"";"";"";"";"";"";"";"";"";"";"";""
"19/01/2025";"1200";"";"";"";"";"";"";"";"";"";"";"";"";"";"";"";"";""
"19/01/2025";"1300";"";"";"";"";"";"";"";"";"";"";"";"";"";"";"";"";""
"19/01/2025";"1400";"";"";"";"";"";"";"";"";"";"";"";"";"";"";"";"";""
"19/01/2025";"1500";"";"";"";"";"";"";"";"";"";"";"";"";"";"";"";"";""
"19/01/2025";"1600";"";"";"";"";"";"";"";"";"";"";"";"";"";"";"";"";""
"19/01/2025";"1700";"";"";"";"";"";"";"";"";"";"";"";"";"";"";"";"";""
"19/01/2025";"1800";"";"";"";"";"";"";"";"";"";"";"";"";"";"";"";"";""
"19/01/2025";"1900";"";"";"";"";"";"";"";"";"";"";"";"";"";"";"";"";""
"19/01/2025";"2000";"";"";"";"";"";"";"";"";"";"";"";"";"";"";"";"";""
"19/01/2025";"2100";"";"";"";"";"";"";"";"";"";"";"";"";"";"";"";"";""
"19/01/2025";"2200";"";"";"";"";"";"";"";"";"";"";"";"";"";"";"";"";""
"19/01/2025";"2300";"";"";"";"";"";"";"";"";"";"";"";"";"";"";"";"";""
"20/01/2025";"0000";"";"";"";"";"";"";"";"";"";"";"";"";"";"";"";"";""
"20/01/2025";"0100";"";"";"";"";"";"";"";"";"";"";"";"";"";"";"";"";""
"20/01/2025";"0200";"";"";"";"";"";"";"";"";"";"";"";"";"";"";"";"";""
"20/01/2025";"0300";"";"";"";"";"";"";"";"";"";"";"";"";"";"";"";"";""
"20/01/2025";"0400";"";"";"";"";"";"";"";"";"";"";"";"";"";"";"";"";""
"20/01/2025";"0500";"";"";"";"";"";"";"";"";"";"";"";"";"";"";"";"";""
"20/01/2025";"0600";"";"";"";"";"";"";"";"";"";"";"";"";"";"";"";"";""
"20/01/2025";"0700";"";"";"";"";"";"";"";"";"";"";"";"";"";"";"";"";""
"20/01/2025";"0800";"";"";"";"";"";"";"";"";"";"";"";"";"";"";"";"";""
"20/01/2025";"0900";"";"";"";"";"";"";"";"";"";"";"";"";"";"";"";"";""
"20/01/2025";"1000";"";"";"";"";"";"";"";"";"";"";"";"";"";"";"";"";""
"20/01/2025";"1100";"";"";"";"";"";"";"";"";"";"";"";"";"";"";"";"";""
"20/01/2025";"1200";"";"";"";"";"";"";"";"";"";"";"";"";"";"";"";"";""
"20/01/2025";"1300";"";"";"";"";"";"";"";"";"";"";"";"";"";"";"";"";""
"20/01/2025";"1400";"";"";"";"";"";"";"";"";"";"";"";"";"";"";"";"";""
"20/01/2025";"1500";"";"";"";"";"";"";"";"";"";"";"";"";"";"";"";"";""
"20/01/2025";"1600";"";"";"";"";"";"";"";"";"";"";"";"";"";"";"";"";""
"20/01/2025";"1700";"";"";"";"";"";"";"";"";"";"";"";"";"";"";"";"";""
"20/01/2025";"1800";"";"";"";"";"";"";"";"";"";"";"";"";"";"";"";"";""
"20/01/2025";"1900";"";"";"";"";"";"";"";"";"";"";"";"";"";"";"";"";""
"20/01/2025";"2000";"";"";"";"";"";"";"";"";"";"";"";"";"";"";"";"";""
"20/01/2025";"2100";"";"";"";"";"";"";"";"";"";"";"";"";"";"";"";"";""
"20/01/2025";"2200";"";"";"";"";"";"";"";"";"";"";"";"";"";"";"";"";""
"20/01/2025";"2300";"";"";"";"";"";"";"";"";"";"";"";"";"";"";"";"";""
"21/01/2025";"0000";"";"";"";"";"";"";"";"";"";"";"";"";"";"";"";"";""
"21/01/2025";"0100";"";"";"";"";"";"";"";"";"";"";"";"";"";"";"";"";""
"21/01/2025";"0200";"";"";"";"";"";"";"";"";"";"";"";"";"";"";"";"";""
"21/01/2025";"0300";"";"";"";"";"";"";"";"";"";"";"";"";"";"";"";"";""
"21/01/2025";"0400";"";"";"";"";"";"";"";"";"";"";"";"";"";"";"";"";""
"21/01/2025";"0500";"";"";"";"";"";"";"";"";"";"";"";"";"";"";"";"";""
"21/01/2025";"0600";"";"";"";"";"";"";"";"";"";"";"";"";"";"";"";"";""
"21/01/2025";"0700";"";"";"";"";"";"";"";"";"";"";"";"";"";"";"";"";""
"21/01/2025";"0800";"";"";"";"";"";"";"";"";"";"";"";"";"";"";"";"";""
"21/01/2025";"0900";"";"";"";"";"";"";"";"";"";"";"";"";"";"";"";"";""
"21/01/2025";"1000";"";"";"";"";"";"";"";"";"";"";"";"";"";"";"";"";""
"21/01/2025";"1100";"";"";"";"";"";"";"";"";"";"";"";"";"";"";"";"";""
"21/01/2025";"1200";"";"";"";"";"";"";"";"";"";"";"";"";"";"";"";"";""
"21/01/2025";"1300";"";"";"";"";"";"";"";"";"";"";"";"";"";"";"";"";""
"21/01/2025";"1400";"";"";"";"";"";"";"";"";"";"";"";"";"";"";"";"";""
"21/01/2025";"1500";"";"";"";"";"";"";"";"";"";"";"";"";"";"";"";"";""
"21/01/2025";"1600";"";"";"";"";"";"";"";"";"";"";"";"";"";"";"";"";""
"21/01/2025";"1700";"";"";"";"";"";"";"";"";"";"";"";"";"";"";"";"";""
"21/01/2025";"1800";"";"";"";"";"";"";"";"";"";"";"";"";"";"";"";"";""
"21/01/2025";"1900";"";"";"";"";"";"";"";"";"";"";"";"";"";"";"";"";""
"21/01/2025";"2000";"";"";"";"";"";"";"";"";"";"";"";"";"";"";"";"";""
"21/01/2025";"2100";"";"";"";"";"";"";"";"";"";"";"";"";"";"";"";"";""
"21/01/2025";"2200";"";"";"";"";"";"";"";"";"";"";"";"";"";"";"";"";""
"21/01/2025";"2300";"";"";"";"";"";"";"";"";"";"";"";"";"";"";"";"";""
"22/01/2025";"0000";"";"";"";"";"";"";"";"";"";"";"";"";"";"";"";"";""
"22/01/2025";"0100";"";"";"";"";"";"";"";"";"";"";"";"";"";"";"";"";""
"22/01/2025";"0200";"";"";"";"";"";"";"";"";"";"";"";"";"";"";"";"";""
"22/01/2025";"0300";"";"";"";"";"";"";"";"";"";"";"";"";"";"";"";"";""
"22/01/2025";"0400";"";"";"";"";"";"";"";"";"";"";"";"";"";"";"";"";""
"22/01/2025";"0500";"";"";"";"";"";"";"";"";"";"";"";"";"";"";"";"";""
"22/01/2025";"0600";"";"";"";"";"";"";"";"";"";"";"";"";"";"";"";"";""
"22/01/2025";"0700";"";"";"";"";"";"";"";"";"";"";"";"";"";"";"";"";""
"22/01/2025";"0800";"";"";"";"";"";"";"";"";"";"";"";"";"";"";"";"";""
"22/01/2025";"0900";"";"";"";"";"";"";"";"";"";"";"";"";"";"";"";"";""
"22/01/2025";"1000";"";"";"";"";"";"";"";"";"";"";"";"";"";"";"";"";""
"22/01/2025";"1100";"";"";"";"";"";"";"";"";"";"";"";"";"";"";"";"";""
"22/01/2025";"1200";"";"";"";"";"";"";"";"";"";"";"";"";"";"";"";"";""
"22/01/2025";"1300";"";"";"";"";"";"";"";"";"";"";"";"";"";"";"";"";""
"22/01/2025";"1400";"";"";"";"";"";"";"";"";"";"";"";"";"";"";"";"";""
"22/01/2025";"1500";"";"";"";"";"";"";"";"";"";"";"";"";"";"";"";"";""
"22/01/2025";"1600";"";"";"";"";"";"";"";"";"";"";"";"";"";"";"";"";""
"22/01/2025";"1700";"";"";"";"";"";"";"";"";"";"";"";"";"";"";"";"";""
"22/01/2025";"1800";"";"";"";"";"";"";"";"";"";"";"";"";"";"";"";"";""
"22/01/2025";"1900";"";"";"";"";"";"";"";"";"";"";"";"";"";"";"";"";""
"22/01/2025";"2000";"";"";"";"";"";"";"";"";"";"";"";"";"";"";"";"";""
"22/01/2025";"2100";"";"";"";"";"";"";"";"";"";"";"";"";"";"";"";"";""
"22/01/2025";"2200";"";"";"";"";"";"";"";"";"";"";"";"";"";"";"";"";""
"22/01/2025";"2300";"";"";"";"";"";"";"";"";"";"";"";"";"";"";"";"";""
"23/01/2025";"0000";"";"";"";"";"";"";"";"";"";"";"";"";"";"";"";"";""
"23/01/2025";"0100";"";"";"";"";"";"";"";"";"";"";"";"";"";"";"";"";""
"23/01/2025";"0200";"";"";"";"";"";"";"";"";"";"";"";"";"";"";"";"";""
"23/01/2025";"0300";"";"";"";"";"";"";"";"";"";"";"";"";"";"";"";"";""
"23/01/2025";"0400";"";"";"";"";"";"";"";"";"";"";"";"";"";"";"";"";""
"23/01/2025";"0500";"";"";"";"";"";"";"";"";"";"";"";"";"";"";"";"";""
"23/01/2025";"0600";"";"";"";"";"";"";"";"";"";"";"";"";"";"";"";"";""
"23/01/2025";"0700";"";"";"";"";"";"";"";"";"";"";"";"";"";"";"";"";""
"23/01/2025";"0800";"";"";"";"";"";"";"";"";"";"";"";"";"";"";"";"";""
"23/01/2025";"0900";"";"";"";"";"";"";"";"";"";"";"";"";"";"";"";"";""
"23/01/2025";"1000";"";"";"";"";"";"";"";"";"";"";"";"";"";"";"";"";""
"23/01/2025";"1100";"";"";"";"";"";"";"";"";"";"";"";"";"";"";"";"";""
"23/01/2025";"1200";"";"";"";"";"";"";"";"";"";"";"";"";"";"";"";"";""
"23/01/2025";"1300";"";"";"";"";"";"";"";"";"";"";"";"";"";"";"";"";""
"23/01/2025";"1400";"";"";"";"";"";"";"";"";"";"";"";"";"";"";"";"";""
"23/01/2025";"1500";"";"";"";"";"";"";"";"";"";"";"";"";"";"";"";"";""
"23/01/2025";"1600";"";"";"";"";"";"";"";"";"";"";"";"";"";"";"";"";""
"23/01/2025";"1700";"";"";"";"";"";"";"";"";"";"";"";"";"";"";"";"";""
"23/01/2025";"1800";"";"";"";"";"";"";"";"";"";"";"";"";"";"";"";"";""
"23/01/2025";"1900";"";"";"";"";"";"";"";"";"";"";"";"";"";"";"";"";""
"23/01/2025";"2000";"";"";"";"";"";"";"";"";"";"";"";"";"";"";"";"";""
"23/01/2025";"2100";"";"";"";"";"";"";"";"";"";"";"";"";"";"";"";"";""
"23/01/2025";"2200";"";"";"";"";"";"";"";"";"";"";"";"";"";"";"";"";""
"23/01/2025";"2300";"";"";"";"";"";"";"";"";"";"";"";"";"";"";"";"";""
"24/01/2025";"0000";"";"";"";"";"";"";"";"";"";"";"";"";"";"";"";"";""
"24/01/2025";"0100";"";"";"";"";"";"";"";"";"";"";"";"";"";"";"";"";""
"24/01/2025";"0200";"";"";"";"";"";"";"";"";"";"";"";"";"";"";"";"";""
"24/01/2025";"0300";"";"";"";"";"";"";"";"";"";"";"";"";"";"";"";"";""
"24/01/2025";"0400";"";"";"";"";"";"";"";"";"";"";"";"";"";"";"";"";""
"24/01/2025";"0500";"";"";"";"";"";"";"";"";"";"";"";"";"";"";"";"";""
"24/01/2025";"0600";"";"";"";"";"";"";"";"";"";"";"";"";"";"";"";"";""
"24/01/2025";"0700";"";"";"";"";"";"";"";"";"";"";"";"";"";"";"";"";""
"24/01/2025";"0800";"";"";"";"";"";"";"";"";"";"";"";"";"";"";"";"";""
"24/01/2025";"0900";"";"";"";"";"";"";"";"";"";"";"";"";"";"";"";"";""
"24/01/2025";"1000";"";"";"";"";"";"";"";"";"";"";"";"";"";"";"";"";""
"24/01/2025";"1100";"";"";"";"";"";"";"";"";"";"";"";"";"";"";"";"";""
"24/01/2025";"1200";"";"";"";"";"";"";"";"";"";"";"";"";"";"";"";"";""
"24/01/2025";"1300";"";"";"";"";"";"";"";"";"";"";"";"";"";"";"";"";""
"24/01/2025";"1400";"";"";"";"";"";"";"";"";"";"";"";"";"";"";"";"";""
"24/01/2025";"1500";"";"";"";"";"";"";"";"";"";"";"";"";"";"";"";"";""
"24/01/2025";"1600";"";"";"";"";"";"";"";"";"";"";"";"";"";"";"";"";""
"24/01/2025";"1700";"";"";"";"";"";"";"";"";"";"";"";"";"";"";"";"";""
"24/01/2025";"1800";"";"";"";"";"";"";"";"";"";"";"";"";"";"";"";"";""
"24/01/2025";"1900";"";"";"";"";"";"";"";"";"";"";"";"";"";"";"";"";""
"24/01/2025";"2000";"";"";"";"";"";"";"";"";"";"";"";"";"";"";"";"";""
"24/01/2025";"2100";"";"";"";"";"";"";"";"";"";"";"";"";"";"";"";"";""
"24/01/2025";"2200";"";"";"";"";"";"";"";"";"";"";"";"";"";"";"";"";""
"24/01/2025";"2300";"";"";"";"";"";"";"";"";"";"";"";"";"";"";"";"";""
"25/01/2025";"0000";"";"";"";"";"";"";"";"";"";"";"";"";"";"";"";"";""
"25/01/2025";"0100";"";"";"";"";"";"";"";"";"";"";"";"";"";"";"";"";""
"25/01/2025";"0200";"";"";"";"";"";"";"";"";"";"";"";"";"";"";"";"";""
"25/01/2025";"0300";"";"";"";"";"";"";"";"";"";"";"";"";"";"";"";"";""
"25/01/2025";"0400";"";"";"";"";"";"";"";"";"";"";"";"";"";"";"";"";""
"25/01/2025";"0500";"";"";"";"";"";"";"";"";"";"";"";"";"";"";"";"";""
"25/01/2025";"0600";"";"";"";"";"";"";"";"";"";"";"";"";"";"";"";"";""
"25/01/2025";"0700";"";"";"";"";"";"";"";"";"";"";"";"";"";"";"";"";""
"25/01/2025";"0800";"";"";"";"";"";"";"";"";"";"";"";"";"";"";"";"";""
"25/01/2025";"0900";"";"";"";"";"";"";"";"";"";"";"";"";"";"";"";"";""
"25/01/2025";"1000";"";"";"";"";"";"";"";"";"";"";"";"";"";"";"";"";""
"25/01/2025";"1100";"";"";"";"";"";"";"";"";"";"";"";"";"";"";"";"";""
"25/01/2025";"1200";"";"";"";"";"";"";"";"";"";"";"";"";"";"";"";"";""
"25/01/2025";"1300";"";"";"";"";"";"";"";"";"";"";"";"";"";"";"";"";""
"25/01/2025";"1400";"";"";"";"";"";"";"";"";"";"";"";"";"";"";"";"";""
"25/01/2025";"1500";"";"";"";"";"";"";"";"";"";"";"";"";"";"";"";"";""
"25/01/2025";"1600";"";"";"";"";"";"";"";"";"";"";"";"";"";"";"";"";""
"25/01/2025";"1700";"";"";"";"";"";"";"";"";"";"";"";"";"";"";"";"";""
"25/01/2025";"1800";"";"";"";"";"";"";"";"";"";"";"";"";"";"";"";"";""
"25/01/2025";"1900";"";"";"";"";"";"";"";"";"";"";"";"";"";"";"";"";""
"25/01/2025";"2000";"";"";"";"";"";"";"";"";"";"";"";"";"";"";"";"";""
"25/01/2025";"2100";"";"";"";"";"";"";"";"";"";"";"";"";"";"";"";"";""
"25/01/2025";"2200";"";"";"";"";"";"";"";"";"";"";"";"";"";"";"";"";""
"25/01/2025";"2300";"";"";"";"";"";"";"";"";"";"";"";"";"";"";"";"";""
"26/01/2025";"0000";"";"";"";"";"";"";"";"";"";"";"";"";"";"";"";"";""
"26/01/2025";"0100";"";"";"";"";"";"";"";"";"";"";"";"";"";"";"";"";""
"26/01/2025";"0200";"";"";"";"";"";"";"";"";"";"";"";"";"";"";"";"";""
"26/01/2025";"0300";"";"";"";"";"";"";"";"";"";"";"";"";"";"";"";"";""
"26/01/2025";"0400";"";"";"";"";"";"";"";"";"";"";"";"";"";"";"";"";""
"26/01/2025";"0500";"";"";"";"";"";"";"";"";"";"";"";"";"";"";"";"";""
"26/01/2025";"0600";"";"";"";"";"";"";"";"";"";"";"";"";"";"";"";"";""
"26/01/2025";"0700";"";"";"";"";"";"";"";"";"";"";"";"";"";"";"";"";""
"26/01/2025";"0800";"";"";"";"";"";"";"";"";"";"";"";"";"";"";"";"";""
"26/01/2025";"0900";"";"";"";"";"";"";"";"";"";"";"";"";"";"";"";"";""
"26/01/2025";"1000";"";"";"";"";"";"";"";"";"";"";"";"";"";"";"";"";""
"26/01/2025";"1100";"";"";"";"";"";"";"";"";"";"";"";"";"";"";"";"";""
"26/01/2025";"1200";"";"";"";"";"";"";"";"";"";"";"";"";"";"";"";"";""
"26/01/2025";"1300";"";"";"";"";"";"";"";"";"";"";"";"";"";"";"";"";""
"26/01/2025";"1400";"";"";"";"";"";"";"";"";"";"";"";"";"";"";"";"";""
"26/01/2025";"1500";"";"";"";"";"";"";"";"";"";"";"";"";"";"";"";"";""
"26/01/2025";"1600";"";"";"";"";"";"";"";"";"";"";"";"";"";"";"";"";""
"26/01/2025";"1700";"";"";"";"";"";"";"";"";"";"";"";"";"";"";"";"";""
"26/01/2025";"1800";"";"";"";"";"";"";"";"";"";"";"";"";"";"";"";"";""
"26/01/2025";"1900";"";"";"";"";"";"";"";"";"";"";"";"";"";"";"";"";""
"26/01/2025";"2000";"";"";"";"";"";"";"";"";"";"";"";"";"";"";"";"";""
"26/01/2025";"2100";"";"";"";"";"";"";"";"";"";"";"";"";"";"";"";"";""
"26/01/2025";"2200";"";"";"";"";"";"";"";"";"";"";"";"";"";"";"";"";""
"26/01/2025";"2300";"";"";"";"";"";"";"";"";"";"";"";"";"";"";"";"";""
"27/01/2025";"0000";"";"";"";"";"";"";"";"";"";"";"";"";"";"";"";"";""
"27/01/2025";"0100";"";"";"";"";"";"";"";"";"";"";"";"";"";"";"";"";""
"27/01/2025";"0200";"";"";"";"";"";"";"";"";"";"";"";"";"";"";"";"";""
"27/01/2025";"0300";"";"";"";"";"";"";"";"";"";"";"";"";"";"";"";"";""
"27/01/2025";"0400";"";"";"";"";"";"";"";"";"";"";"";"";"";"";"";"";""
"27/01/2025";"0500";"";"";"";"";"";"";"";"";"";"";"";"";"";"";"";"";""
"27/01/2025";"0600";"";"";"";"";"";"";"";"";"";"";"";"";"";"";"";"";""
"27/01/2025";"0700";"";"";"";"";"";"";"";"";"";"";"";"";"";"";"";"";""
"27/01/2025";"0800";"";"";"";"";"";"";"";"";"";"";"";"";"";"";"";"";""
"27/01/2025";"0900";"";"";"";"";"";"";"";"";"";"";"";"";"";"";"";"";""
"27/01/2025";"1000";"";"";"";"";"";"";"";"";"";"";"";"";"";"";"";"";""
"27/01/2025";"1100";"";"";"";"";"";"";"";"";"";"";"";"";"";"";"";"";""
"27/01/2025";"1200";"";"";"";"";"";"";"";"";"";"";"";"";"";"";"";"";""
"27/01/2025";"1300";"";"";"";"";"";"";"";"";"";"";"";"";"";"";"";"";""
"27/01/2025";"1400";"";"";"";"";"";"";"";"";"";"";"";"";"";"";"";"";""
"27/01/2025";"1500";"";"";"";"";"";"";"";"";"";"";"";"";"";"";"";"";""
"27/01/2025";"1600";"";"";"";"";"";"";"";"";"";"";"";"";"";"";"";"";""
"27/01/2025";"1700";"";"";"";"";"";"";"";"";"";"";"";"";"";"";"";"";""
"27/01/2025";"1800";"";"";"";"";"";"";"";"";"";"";"";"";"";"";"";"";""
"27/01/2025";"1900";"";"";"";"";"";"";"";"";"";"";"";"";"";"";"";"";""
"27/01/2025";"2000";"";"";"";"";"";"";"";"";"";"";"";"";"";"";"";"";""
"27/01/2025";"2100";"";"";"";"";"";"";"";"";"";"";"";"";"";"";"";"";""
"27/01/2025";"2200";"";"";"";"";"";"";"";"";"";"";"";"";"";"";"";"";""
"27/01/2025";"2300";"";"";"";"";"";"";"";"";"";"";"";"";"";"";"";"";""
"28/01/2025";"0000";"";"";"";"";"";"";"";"";"";"";"";"";"";"";"";"";""
"28/01/2025";"0100";"";"";"";"";"";"";"";"";"";"";"";"";"";"";"";"";""
"28/01/2025";"0200";"";"";"";"";"";"";"";"";"";"";"";"";"";"";"";"";""
"28/01/2025";"0300";"";"";"";"";"";"";"";"";"";"";"";"";"";"";"";"";""
"28/01/2025";"0400";"";"";"";"";"";"";"";"";"";"";"";"";"";"";"";"";""
"28/01/2025";"0500";"";"";"";"";"";"";"";"";"";"";"";"";"";"";"";"";""
"28/01/2025";"0600";"";"";"";"";"";"";"";"";"";"";"";"";"";"";"";"";""
"28/01/2025";"0700";"";"";"";"";"";"";"";"";"";"";"";"";"";"";"";"";""
"28/01/2025";"0800";"";"";"";"";"";"";"";"";"";"";"";"";"";"";"";"";""
"28/01/2025";"0900";"";"";"";"";"";"";"";"";"";"";"";"";"";"";"";"";""
"28/01/2025";"1000";"";"";"";"";"";"";"";"";"";"";"";"";"";"";"";"";""
"28/01/2025";"1100";"";"";"";"";"";"";"";"";"";"";"";"";"";"";"";"";""
"28/01/2025";"1200";"";"";"";"";"";"";"";"";"";"";"";"";"";"";"";"";""
"28/01/2025";"1300";"";"";"";"";"";"";"";"";"";"";"";"";"";"";"";"";""
"28/01/2025";"1400";"";"";"";"";"";"";"";"";"";"";"";"";"";"";"";"";""
"28/01/2025";"1500";"";"";"";"";"";"";"";"";"";"";"";"";"";"";"";"";""
"28/01/2025";"1600";"";"";"";"";"";"";"";"";"";"";"";"";"";"";"";"";""
"28/01/2025";"1700";"";"";"";"";"";"";"";"";"";"";"";"";"";"";"";"";""
"28/01/2025";"1800";"";"";"";"";"";"";"";"";"";"";"";"";"";"";"";"";""
"28/01/2025";"1900";"";"";"";"";"";"";"";"";"";"";"";"";"";"";"";"";""
"28/01/2025";"2000";"";"";"";"";"";"";"";"";"";"";"";"";"";"";"";"";""
"28/01/2025";"2100";"";"";"";"";"";"";"";"";"";"";"";"";"";"";"";"";""
"28/01/2025";"2200";"";"";"";"";"";"";"";"";"";"";"";"";"";"";"";"";""
"28/01/2025";"2300";"";"";"";"";"";"";"";"";"";"";"";"";"";"";"";"";""